UGS,CATEGORIE,PRODUIT,PRIX
BRE07BB0106,Plaquettes de frein,JEU DE PLAQUETTES DE FREIN BREMBO,"13,35"
BRE07BB0306,Plaquettes de frein,JEU DE PLAQUETTES DE FREIN BREMBO,"25,17"
BRE07BB0606,Plaquettes de frein,JEU DE PLAQUETTES DE FREIN BREMBO,"29,06"
BRE07BB0708,Plaquettes de frein,JEU DE PLAQUETTES DE FREIN BREMBO,"25,17"
BRE07BB0907,Plaquettes de frein,JEU DE PLAQUETTES DE FREIN BREMBO,"27,8"
BRE07BB1205,Plaquettes de frein,JEU DE PLAQUETTES DE FREIN BREMBO,28
BRE07BB1305,Plaquettes de frein,JEU DE PLAQUETTES DE FREIN BREMBO,"15,11"
BRE07BB1408,Plaquettes de frein,JEU DE PLAQUETTES DE FREIN BREMBO,"22,08"
BRE07BB1507,Plaquettes de frein,JEU DE PLAQUETTES DE FREIN BREMBO,"27,3"
BRE07BB1606,Plaquettes de frein,JEU DE PLAQUETTES DE FREIN BREMBO,"28,49"
BRE07BB1907,Plaquettes de frein,JEU DE PLAQUETTES DE FREIN BREMBO,"25,29"
BRE07BB2107,Plaquettes de frein,JEU DE PLAQUETTES DE FREIN BREMBO,"26,15"
BRE07BB2207,Plaquettes de frein,JEU DE PLAQUETTES DE FREIN BREMBO,"27,8"
BRE07BB2307,Plaquettes de frein,JEU DE PLAQUETTES DE FREIN BREMBO,"25,29"
BRE07BB2407,Plaquettes de frein,JEU DE PLAQUETTES DE FREIN BREMBO,"27,8"
BRE07BB2507,Plaquettes de frein,JEU DE PLAQUETTES DE FREIN BREMBO,"22,23"
BRE07BB2607,Plaquettes de frein,JEU DE PLAQUETTES DE FREIN BREMBO,"27,8"
BRE07BB2809,Plaquettes de frein,JEU DE PLAQUETTES DE FREIN BREMBO,"27,8"
BRE07GR0101,Plaquettes de frein,JEU DE PLAQUETTES DE FREIN BREMBO,"17,6"
BRE07GR0204,Plaquettes de frein,JEU DE PLAQUETTES DE FREIN BREMBO,"30,8"
BRE07GR03CC,Plaquettes de frein,JEU DE PLAQUETTES DE FREIN BREMBO,"25,17"
BRE07GR05CC,Plaquettes de frein,JEU DE PLAQUETTES DE FREIN BREMBO,"24,84"
BRE07GR09CC,Plaquettes de frein,JEU DE PLAQUETTES DE FREIN BREMBO,"27,3"
BRE07GR1001,Plaquettes de frein,JEU DE PLAQUETTES DE FREIN BREMBO,"19,51"
BRE07GR11CC,Plaquettes de frein,JEU DE PLAQUETTES DE FREIN BREMBO,"27,8"
BRE07GR12CC,Plaquettes de frein,JEU DE PLAQUETTES DE FREIN BREMBO,"21,37"
BRE07GR13CC,Plaquettes de frein,JEU DE PLAQUETTES DE FREIN BREMBO,"17,02"
BRE07GR1406,Plaquettes de frein,JEU DE PLAQUETTES DE FREIN BREMBO,"17,19"
BRE07GR1506,Plaquettes de frein,JEU DE PLAQUETTES DE FREIN BREMBO,"27,3"
BRE07GR1705,Plaquettes de frein,JEU DE PLAQUETTES DE FREIN BREMBO,"18,75"
BRE07GR18CC,Plaquettes de frein,JEU DE PLAQUETTES DE FREIN BREMBO,"29,87"
BRE07GR19CC,Plaquettes de frein,JEU DE PLAQUETTES DE FREIN BREMBO,"20,86"
BRE07GR2106,Plaquettes de frein,JEU DE PLAQUETTES DE FREIN BREMBO,"25,29"
BRE07GR23CC,Plaquettes de frein,JEU DE PLAQUETTES DE FREIN BREMBO,"22,76"
BRE07GR24CC,Plaquettes de frein,JEU DE PLAQUETTES DE FREIN BREMBO,"15,43"
BRE07GR4804,Plaquettes de frein,JEU DE PLAQUETTES DE FREIN BREMBO,"17,6"
BRE07GR5105,Plaquettes de frein,JEU DE PLAQUETTES DE FREIN BREMBO,"25,29"
BRE07GR5209,Plaquettes de frein,JEU DE PLAQUETTES DE FREIN BREMBO,"27,8"
BRE07GR5605,Plaquettes de frein,JEU DE PLAQUETTES DE FREIN BREMBO,"25,29"
BRE07GR5705,Plaquettes de frein,JEU DE PLAQUETTES DE FREIN BREMBO,"27,79"
BRE07GR5804,Plaquettes de frein,JEU DE PLAQUETTES DE FREIN BREMBO,"19,97"
BRE07GR5915,Plaquettes de frein,JEU DE PLAQUETTES DE FREIN BREMBO,"30,82"
BRE07GR6007,Plaquettes de frein,JEU DE PLAQUETTES DE FREIN BREMBO,"26,15"
BRE07GR6207,Plaquettes de frein,JEU DE PLAQUETTES DE FREIN BREMBO,"29,66"
BRE07GR6319,Plaquettes de frein,JEU DE PLAQUETTES DE FREIN BREMBO,"27,3"
BRE07GR6407,Plaquettes de frein,JEU DE PLAQUETTES DE FREIN BREMBO,"25,29"
BRE07GR6527,Plaquettes de frein,JEU DE PLAQUETTES DE FREIN BREMBO,"27,8"
BRE07GR6610,Plaquettes de frein,JEU DE PLAQUETTES DE FREIN BREMBO,"37,56"
BRE07GR7707,Plaquettes de frein,JEU DE PLAQUETTES DE FREIN BREMBO,"28,49"
BRE07GR78CC,Plaquettes de frein,JEU DE PLAQUETTES DE FREIN BREMBO,"25,17"
BRE07GR79CC,Plaquettes de frein,JEU DE PLAQUETTES DE FREIN BREMBO,"25,17"
BRE07GR80CC,Plaquettes de frein,JEU DE PLAQUETTES DE FREIN BREMBO,"30,86"
BRE07GR81CC,Plaquettes de frein,JEU DE PLAQUETTES DE FREIN BREMBO,"30,86"
BRE07GR82CC,Plaquettes de frein,JEU DE PLAQUETTES DE FREIN BREMBO,"16,17"
BRE07GR84CC,Plaquettes de frein,JEU DE PLAQUETTES DE FREIN BREMBO,"19,98"
BRE07HD0105,Plaquettes de frein,JEU DE PLAQUETTES DE FREIN BREMBO,"35,64"
BRE07HD0202,Plaquettes de frein,JEU DE PLAQUETTES DE FREIN BREMBO,"35,64"
BRE07HD0303,Plaquettes de frein,JEU DE PLAQUETTES DE FREIN BREMBO,"36,87"
BRE07HD0413,Plaquettes de frein,JEU DE PLAQUETTES DE FREIN BREMBO,"40,15"
BRE07HD0507,Plaquettes de frein,JEU DE PLAQUETTES DE FREIN BREMBO,"49,16"
BRE07HD0614,Plaquettes de frein,JEU DE PLAQUETTES DE FREIN BREMBO,"36,87"
BRE07HD0910,Plaquettes de frein,JEU DE PLAQUETTES DE FREIN BREMBO,"48,97"
BRE07HD1011,Plaquettes de frein,JEU DE PLAQUETTES DE FREIN BREMBO,"48,97"
BRE07HD1109,Plaquettes de frein,JEU DE PLAQUETTES DE FREIN BREMBO,"40,15"
BRE07HD1210,Plaquettes de frein,JEU DE PLAQUETTES DE FREIN BREMBO,"30,56"
BRE07HO0130,Plaquettes de frein,JEU DE PLAQUETTES DE FREIN BREMBO,"30,86"
BRE07HO0229,Plaquettes de frein,JEU DE PLAQUETTES DE FREIN BREMBO,"30,86"
BRE07HO0307,Plaquettes de frein,JEU DE PLAQUETTES DE FREIN BREMBO,"25,29"
BRE07HO0411,Plaquettes de frein,JEU DE PLAQUETTES DE FREIN BREMBO,"28,93"
BRE07HO0631,Plaquettes de frein,JEU DE PLAQUETTES DE FREIN BREMBO,"30,86"
BRE07HO0712,Plaquettes de frein,JEU DE PLAQUETTES DE FREIN BREMBO,"27,3"
BRE07HO0831,Plaquettes de frein,JEU DE PLAQUETTES DE FREIN BREMBO,"30,86"
BRE07HO0906,Plaquettes de frein,JEU DE PLAQUETTES DE FREIN BREMBO,"18,52"
BRE07HO1010,Plaquettes de frein,JEU DE PLAQUETTES DE FREIN BREMBO,"25,29"
BRE07HO1118,Plaquettes de frein,JEU DE PLAQUETTES DE FREIN BREMBO,"25,43"
BRE07HO1212,Plaquettes de frein,JEU DE PLAQUETTES DE FREIN BREMBO,"25,29"
BRE07HO13CC,Plaquettes de frein,JEU DE PLAQUETTES DE FREIN BREMBO,"31,78"
BRE07HO1406,Plaquettes de frein,JEU DE PLAQUETTES DE FREIN BREMBO,"28,49"
BRE07HO1505,Plaquettes de frein,JEU DE PLAQUETTES DE FREIN BREMBO,"25,29"
BRE07HO1609,Plaquettes de frein,JEU DE PLAQUETTES DE FREIN BREMBO,"27,3"
BRE07HO1708,Plaquettes de frein,JEU DE PLAQUETTES DE FREIN BREMBO,"28,49"
BRE07HO1807,Plaquettes de frein,JEU DE PLAQUETTES DE FREIN BREMBO,"25,29"
BRE07HO1912,Plaquettes de frein,JEU DE PLAQUETTES DE FREIN BREMBO,"32,82"
BRE07HO2107,Plaquettes de frein,JEU DE PLAQUETTES DE FREIN BREMBO,"25,29"
BRE07HO2205,Plaquettes de frein,JEU DE PLAQUETTES DE FREIN BREMBO,"25,29"
BRE07HO2307,Plaquettes de frein,JEU DE PLAQUETTES DE FREIN BREMBO,"27,3"
BRE07HO2408,Plaquettes de frein,JEU DE PLAQUETTES DE FREIN BREMBO,"25,29"
BRE07HO2506,Plaquettes de frein,JEU DE PLAQUETTES DE FREIN BREMBO,"25,17"
BRE07HO2608,Plaquettes de frein,JEU DE PLAQUETTES DE FREIN BREMBO,"23,17"
BRE07HO2711,Plaquettes de frein,JEU DE PLAQUETTES DE FREIN BREMBO,"25,17"
BRE07HO2807,Plaquettes de frein,JEU DE PLAQUETTES DE FREIN BREMBO,"25,29"
BRE07HO2911,Plaquettes de frein,JEU DE PLAQUETTES DE FREIN BREMBO,"27,8"
BRE07HO3005,Plaquettes de frein,JEU DE PLAQUETTES DE FREIN BREMBO,"27,8"
BRE07HO3109,Plaquettes de frein,JEU DE PLAQUETTES DE FREIN BREMBO,"27,8"
BRE07HO3405,Plaquettes de frein,JEU DE PLAQUETTES DE FREIN BREMBO,"27,3"
BRE07HO3509,Plaquettes de frein,JEU DE PLAQUETTES DE FREIN BREMBO,"27,3"
BRE07HO3607,Plaquettes de frein,JEU DE PLAQUETTES DE FREIN BREMBO,"30,82"
BRE07HO3907,Plaquettes de frein,JEU DE PLAQUETTES DE FREIN BREMBO,"30,82"
BRE07HO4008,Plaquettes de frein,JEU DE PLAQUETTES DE FREIN BREMBO,"31,31"
BRE07HO4108,Plaquettes de frein,JEU DE PLAQUETTES DE FREIN BREMBO,"27,8"
BRE07HO4206,Plaquettes de frein,JEU DE PLAQUETTES DE FREIN BREMBO,"33,39"
BRE07HO4308,Plaquettes de frein,JEU DE PLAQUETTES DE FREIN BREMBO,"34,47"
BRE07HO44CC,Plaquettes de frein,JEU DE PLAQUETTES DE FREIN BREMBO,"34,68"
BRE07HO4507,Plaquettes de frein,JEU DE PLAQUETTES DE FREIN BREMBO,"28,49"
BRE07HO4607,Plaquettes de frein,JEU DE PLAQUETTES DE FREIN BREMBO,"30,33"
BRE07HO47CC,Plaquettes de frein,JEU DE PLAQUETTES DE FREIN BREMBO,"32,05"
BRE07HO4905,Plaquettes de frein,JEU DE PLAQUETTES DE FREIN BREMBO,"25,17"
BRE07HO53CC,Plaquettes de frein,JEU DE PLAQUETTES DE FREIN BREMBO,"32,16"
BRE07HO5606,Plaquettes de frein,JEU DE PLAQUETTES DE FREIN BREMBO,"17,6"
BRE07HO5907,Plaquettes de frein,JEU DE PLAQUETTES DE FREIN BREMBO,"30,82"
BRE07HO61CC,Plaquettes de frein,JEU DE PLAQUETTES DE FREIN BREMBO,"25,17"
BRE07KA0122,Plaquettes de frein,JEU DE PLAQUETTES DE FREIN BREMBO,"25,29"
BRE07KA0414,Plaquettes de frein,JEU DE PLAQUETTES DE FREIN BREMBO,"30,86"
BRE07KA0506,Plaquettes de frein,JEU DE PLAQUETTES DE FREIN BREMBO,"27,3"
BRE07KA0608,Plaquettes de frein,JEU DE PLAQUETTES DE FREIN BREMBO,"25,29"
BRE07KA0717,Plaquettes de frein,JEU DE PLAQUETTES DE FREIN BREMBO,"25,17"
BRE07KA0808,Plaquettes de frein,JEU DE PLAQUETTES DE FREIN BREMBO,"27,8"
BRE07KA0933,Plaquettes de frein,JEU DE PLAQUETTES DE FREIN BREMBO,"27,8"
BRE07KA1117,Plaquettes de frein,JEU DE PLAQUETTES DE FREIN BREMBO,"27,8"
BRE07KA1306,Plaquettes de frein,JEU DE PLAQUETTES DE FREIN BREMBO,"25,29"
BRE07KA1406,Plaquettes de frein,JEU DE PLAQUETTES DE FREIN BREMBO,"25,29"
BRE07KA15CC,Plaquettes de frein,JEU DE PLAQUETTES DE FREIN BREMBO,"37,54"
BRE07KA1617,Plaquettes de frein,JEU DE PLAQUETTES DE FREIN BREMBO,"26,63"
BRE07KA1705,Plaquettes de frein,JEU DE PLAQUETTES DE FREIN BREMBO,"25,17"
BRE07KA1807,Plaquettes de frein,JEU DE PLAQUETTES DE FREIN BREMBO,"25,17"
BRE07KA1907,Plaquettes de frein,JEU DE PLAQUETTES DE FREIN BREMBO,"25,17"
BRE07KA2009,Plaquettes de frein,JEU DE PLAQUETTES DE FREIN BREMBO,"32,05"
BRE07KA2107,Plaquettes de frein,JEU DE PLAQUETTES DE FREIN BREMBO,"28,49"
BRE07KA2305,Plaquettes de frein,JEU DE PLAQUETTES DE FREIN BREMBO,"23,44"
BRE07KS0124,Plaquettes de frein,JEU DE PLAQUETTES DE FREIN BREMBO,"30,86"
BRE07KS0207,Plaquettes de frein,JEU DE PLAQUETTES DE FREIN BREMBO,"30,8"
BRE07KS0321,Plaquettes de frein,JEU DE PLAQUETTES DE FREIN BREMBO,"27,3"
BRE07KS0432,Plaquettes de frein,JEU DE PLAQUETTES DE FREIN BREMBO,"25,17"
BRE07KS0507,Plaquettes de frein,JEU DE PLAQUETTES DE FREIN BREMBO,"25,29"
BRE07PO0106,Plaquettes de frein,JEU DE PLAQUETTES DE FREIN BREMBO,"27,3"
BRE07SU0125,Plaquettes de frein,JEU DE PLAQUETTES DE FREIN BREMBO,"30,86"
BRE07SU0220,Plaquettes de frein,JEU DE PLAQUETTES DE FREIN BREMBO,"30,86"
BRE07SU0312,Plaquettes de frein,JEU DE PLAQUETTES DE FREIN BREMBO,"25,29"
BRE07SU0412,Plaquettes de frein,JEU DE PLAQUETTES DE FREIN BREMBO,"25,45"
BRE07SU0607,Plaquettes de frein,JEU DE PLAQUETTES DE FREIN BREMBO,"25,29"
BRE07SU0707,Plaquettes de frein,JEU DE PLAQUETTES DE FREIN BREMBO,"27,3"
BRE07SU0808,Plaquettes de frein,JEU DE PLAQUETTES DE FREIN BREMBO,"25,29"
BRE07SU0904,Plaquettes de frein,JEU DE PLAQUETTES DE FREIN BREMBO,"27,3"
BRE07SU1005,Plaquettes de frein,JEU DE PLAQUETTES DE FREIN BREMBO,"25,29"
BRE07SU1121,Plaquettes de frein,JEU DE PLAQUETTES DE FREIN BREMBO,"25,17"
BRE07SU1215,Plaquettes de frein,JEU DE PLAQUETTES DE FREIN BREMBO,"25,17"
BRE07SU1306,Plaquettes de frein,JEU DE PLAQUETTES DE FREIN BREMBO,"25,29"
BRE07SU1407,Plaquettes de frein,JEU DE PLAQUETTES DE FREIN BREMBO,"25,29"
BRE07SU1509,Plaquettes de frein,JEU DE PLAQUETTES DE FREIN BREMBO,"27,8"
BRE07SU16CC,Plaquettes de frein,JEU DE PLAQUETTES DE FREIN BREMBO,"37,54"
BRE07SU1718,Plaquettes de frein,JEU DE PLAQUETTES DE FREIN BREMBO,"27,8"
BRE07SU1907,Plaquettes de frein,JEU DE PLAQUETTES DE FREIN BREMBO,"28,49"
BRE07SU2007,Plaquettes de frein,JEU DE PLAQUETTES DE FREIN BREMBO,"27,3"
BRE07SU2906,Plaquettes de frein,JEU DE PLAQUETTES DE FREIN BREMBO,"21,12"
BRE07SU3002,Plaquettes de frein,JEU DE PLAQUETTES DE FREIN BREMBO,"32,16"
BRE07YA0207,Plaquettes de frein,JEU DE PLAQUETTES DE FREIN BREMBO,"25,29"
BRE07YA0309,Plaquettes de frein,JEU DE PLAQUETTES DE FREIN BREMBO,"25,29"
BRE07YA0413,Plaquettes de frein,JEU DE PLAQUETTES DE FREIN BREMBO,"30,82"
BRE07YA0609,Plaquettes de frein,JEU DE PLAQUETTES DE FREIN BREMBO,"27,3"
BRE07YA0713,Plaquettes de frein,JEU DE PLAQUETTES DE FREIN BREMBO,"30,82"
BRE07YA0809,Plaquettes de frein,JEU DE PLAQUETTES DE FREIN BREMBO,"27,3"
BRE07YA09CC,Plaquettes de frein,JEU DE PLAQUETTES DE FREIN BREMBO,"49,62"
BRE07YA1011,Plaquettes de frein,JEU DE PLAQUETTES DE FREIN BREMBO,"25,29"
BRE07YA1107,Plaquettes de frein,JEU DE PLAQUETTES DE FREIN BREMBO,"25,29"
BRE07YA1207,Plaquettes de frein,JEU DE PLAQUETTES DE FREIN BREMBO,"25,29"
BRE07YA1407,Plaquettes de frein,JEU DE PLAQUETTES DE FREIN BREMBO,"22,08"
BRE07YA1519,Plaquettes de frein,JEU DE PLAQUETTES DE FREIN BREMBO,"32,05"
BRE07YA1605,Plaquettes de frein,JEU DE PLAQUETTES DE FREIN BREMBO,"22,57"
BRE07YA1711,Plaquettes de frein,JEU DE PLAQUETTES DE FREIN BREMBO,"27,3"
BRE07YA1809,Plaquettes de frein,JEU DE PLAQUETTES DE FREIN BREMBO,"25,29"
BRE07YA1909,Plaquettes de frein,JEU DE PLAQUETTES DE FREIN BREMBO,"27,3"
BRE07YA2008,Plaquettes de frein,JEU DE PLAQUETTES DE FREIN BREMBO,"25,17"
BRE07YA2106,Plaquettes de frein,JEU DE PLAQUETTES DE FREIN BREMBO,"25,17"
BRE07YA2206,Plaquettes de frein,JEU DE PLAQUETTES DE FREIN BREMBO,"25,17"
BRE07YA2307,Plaquettes de frein,JEU DE PLAQUETTES DE FREIN BREMBO,"25,29"
BRE07YA2409,Plaquettes de frein,JEU DE PLAQUETTES DE FREIN BREMBO,"28,49"
BRE07YA2508,Plaquettes de frein,JEU DE PLAQUETTES DE FREIN BREMBO,"27,8"
BRE07YA2609,Plaquettes de frein,JEU DE PLAQUETTES DE FREIN BREMBO,"30,86"
BRE07YA2709,Plaquettes de frein,JEU DE PLAQUETTES DE FREIN BREMBO,"28,49"
BRE07YA28CC,Plaquettes de frein,JEU DE PLAQUETTES DE FREIN BREMBO,"30,82"
BRE07YA29CC,Plaquettes de frein,JEU DE PLAQUETTES DE FREIN BREMBO,"40,22"
BRE07YA3108,Plaquettes de frein,JEU DE PLAQUETTES DE FREIN BREMBO,"42,19"
BRE07YA3208,Plaquettes de frein,JEU DE PLAQUETTES DE FREIN BREMBO,"40,56"
BRE07YA3408,Plaquettes de frein,JEU DE PLAQUETTES DE FREIN BREMBO,"23,44"
BRE07YA3507,Plaquettes de frein,JEU DE PLAQUETTES DE FREIN BREMBO,"25,29"
BRE07YA3707,Plaquettes de frein,JEU DE PLAQUETTES DE FREIN BREMBO,"27,3"
BRE07YA3807,Plaquettes de frein,JEU DE PLAQUETTES DE FREIN BREMBO,"27,3"
BRE07YA3908,Plaquettes de frein,JEU DE PLAQUETTES DE FREIN BREMBO,"28,49"
BRE07YA4007,Plaquettes de frein,JEU DE PLAQUETTES DE FREIN BREMBO,"27,3"
BRE07YA41CC,Plaquettes de frein,JEU DE PLAQUETTES DE FREIN BREMBO,"18,28"
BRE07YA52CC,Plaquettes de frein,JEU DE PLAQUETTES DE FREIN BREMBO,"25,29"
BRE07YA53CC,Plaquettes de frein,JEU DE PLAQUETTES DE FREIN BREMBO,"25,2"
BRE107526917,Plaquettes de frein,JEU DE PLAQUETTES DE FREIN BREMBO,"48,44"
BREAP03/40,Plaquettes de frein,JEU DE PLAQUETTES DE FREIN BREMBO,"21,74"
BREBM06/40,Plaquettes de frein,JEU DE PLAQUETTES DE FREIN BREMBO,"28,6"
BREBR02/40,Plaquettes de frein,JEU DE PLAQUETTES DE FREIN BREMBO,"28,99"
BRECA01/40,Plaquettes de frein,JEU DE PLAQUETTES DE FREIN BREMBO,"15,4"
BREGR05/40,Plaquettes de frein,JEU DE PLAQUETTES DE FREIN BREMBO,"15,4"
BREGR09/40,Plaquettes de frein,JEU DE PLAQUETTES DE FREIN BREMBO,"16,31"
BREGR15/40,Plaquettes de frein,JEU DE PLAQUETTES DE FREIN BREMBO,"18,12"
BREGR16/40,Plaquettes de frein,JEU DE PLAQUETTES DE FREIN BREMBO,"18,12"
BREGR19/40,Plaquettes de frein,JEU DE PLAQUETTES DE FREIN BREMBO,"16,31"
BREGR21/40,Plaquettes de frein,JEU DE PLAQUETTES DE FREIN BREMBO,"24,69"
BREGR22/40,Plaquettes de frein,JEU DE PLAQUETTES DE FREIN BREMBO,"17,2"
BREHO11/40,Plaquettes de frein,JEU DE PLAQUETTES DE FREIN BREMBO,"27,17"
BREHO16/40,Plaquettes de frein,JEU DE PLAQUETTES DE FREIN BREMBO,"22,96"
BREHO21/40,Plaquettes de frein,JEU DE PLAQUETTES DE FREIN BREMBO,"27,17"
BREHO23/40,Plaquettes de frein,JEU DE PLAQUETTES DE FREIN BREMBO,"34,83"
BREHO27/40,Plaquettes de frein,JEU DE PLAQUETTES DE FREIN BREMBO,"27,17"
BREHO34/40,Plaquettes de frein,JEU DE PLAQUETTES DE FREIN BREMBO,"28,99"
BREHO35/40,Plaquettes de frein,JEU DE PLAQUETTES DE FREIN BREMBO,"41,65"
BREHO36/40,Plaquettes de frein,JEU DE PLAQUETTES DE FREIN BREMBO,"26,45"
BREHO39/40,Plaquettes de frein,JEU DE PLAQUETTES DE FREIN BREMBO,"27,17"
BREHO42/40,Plaquettes de frein,JEU DE PLAQUETTES DE FREIN BREMBO,"41,65"
BREHO44/40,Plaquettes de frein,JEU DE PLAQUETTES DE FREIN BREMBO,"41,65"
BREHO46/40,Plaquettes de frein,JEU DE PLAQUETTES DE FREIN BREMBO,"39,87"
BREKA17/40,Plaquettes de frein,JEU DE PLAQUETTES DE FREIN BREMBO,"27,17"
BREKA19/2,Plaquettes de frein,JEU DE PLAQUETTES DE FREIN BREMBO,"20,64"
BREKA21/40,Plaquettes de frein,JEU DE PLAQUETTES DE FREIN BREMBO,"33,5"
BREKA22/40,Plaquettes de frein,JEU DE PLAQUETTES DE FREIN BREMBO,"33,5"
BRESU10/40,Plaquettes de frein,JEU DE PLAQUETTES DE FREIN BREMBO,"36,21"
BRESU14/40,Plaquettes de frein,JEU DE PLAQUETTES DE FREIN BREMBO,"27,17"
BRESU19/40,Plaquettes de frein,JEU DE PLAQUETTES DE FREIN BREMBO,"41,65"
BREYA19/40,Plaquettes de frein,JEU DE PLAQUETTES DE FREIN BREMBO,"29,88"
BREYA24/40,Plaquettes de frein,JEU DE PLAQUETTES DE FREIN BREMBO,"29,88"
BREYA28/40,Plaquettes de frein,JEU DE PLAQUETTES DE FREIN BREMBO,"29,88"
BREYA29/40,Plaquettes de frein,JEU DE PLAQUETTES DE FREIN BREMBO,"29,88"
BREYA30/40,Plaquettes de frein,JEU DE PLAQUETTES DE FREIN BREMBO,"44,35"
BREYA32/40,Plaquettes de frein,JEU DE PLAQUETTES DE FREIN BREMBO,"23,54"
BREYA33/40,Plaquettes de frein,JEU DE PLAQUETTES DE FREIN BREMBO,"29,88"
BRE07BB0135,Plaquettes de frein,JEU DE PLAQUETTES DE FREIN BREMBO,"20,07"
BRE07BB0235,Plaquettes de frein,JEU DE PLAQUETTES DE FREIN BREMBO,"24,64"
BRE07BB0258,Plaquettes de frein,JEU DE PLAQUETTES DE FREIN BREMBO,"42,02"
BRE07BB033A,Plaquettes de frein,JEU DE PLAQUETTES DE FREIN BREMBO,"29,22"
BRE07BB0390,Plaquettes de frein,JEU DE PLAQUETTES DE FREIN BREMBO,"42,02"
BRE07BB0435,Plaquettes de frein,JEU DE PLAQUETTES DE FREIN BREMBO,"20,07"
BRE07BB0483,Plaquettes de frein,JEU DE PLAQUETTES DE FREIN BREMBO,"42,02"
BRE07BB0590,Plaquettes de frein,JEU DE PLAQUETTES DE FREIN BREMBO,"68,81"
BRE07BB0823,Plaquettes de frein,JEU DE PLAQUETTES DE FREIN BREMBO,"20,68"
BRE07BB1324,Plaquettes de frein,JEU DE PLAQUETTES DE FREIN BREMBO,"20,07"
BRE07BB1418,Plaquettes de frein,JEU DE PLAQUETTES DE FREIN BREMBO,"24,65"
BRE07BB1535,Plaquettes de frein,JEU DE PLAQUETTES DE FREIN BREMBO,"31,03"
BRE07BB1734,Plaquettes de frein,JEU DE PLAQUETTES DE FREIN BREMBO,"20,68"
BRE07BB1834,Plaquettes de frein,JEU DE PLAQUETTES DE FREIN BREMBO,"24,64"
BRE07BB1935,Plaquettes de frein,JEU DE PLAQUETTES DE FREIN BREMBO,"27,39"
BRE07BB1973,Plaquettes de frein,JEU DE PLAQUETTES DE FREIN BREMBO,"51,17"
BRE07BB2035,Plaquettes de frein,JEU DE PLAQUETTES DE FREIN BREMBO,"24,65"
BRE07BB2065,Plaquettes de frein,JEU DE PLAQUETTES DE FREIN BREMBO,"42,02"
BRE07BB275A,Plaquettes de frein,JEU DE PLAQUETTES DE FREIN BREMBO,"36,53"
BRE07BB3396,Plaquettes de frein,JEU DE PLAQUETTES DE FREIN BREMBO,"64,22"
BRE07BB3590,Plaquettes de frein,JEU DE PLAQUETTES DE FREIN BREMBO,"61,8"
BRE07BB3635,Plaquettes de frein,JEU DE PLAQUETTES DE FREIN BREMBO,"27,38"
BRE07BB3793,Plaquettes de frein,JEU DE PLAQUETTES DE FREIN BREMBO,"59,4"
BRE07BB3859,Plaquettes de frein,JEU DE PLAQUETTES DE FREIN BREMBO,"56,5"
BRE07BB3884,Plaquettes de frein,JEU DE PLAQUETTES DE FREIN BREMBO,"58,96"
BRE07BB399A,Plaquettes de frein,JEU DE PLAQUETTES DE FREIN BREMBO,"53,87"
BREGPXPH223,Plaquettes de frein,JEU DE PLAQUETTES DE FREIN BREMBO,"82,5"
BREGPXPH273,Plaquettes de frein,JEU DE PLAQUETTES DE FREIN BREMBO,"82,5"
BREGPXPH307,Plaquettes de frein,JEU DE PLAQUETTES DE FREIN BREMBO,"82,5"
BREGPXPH334,Plaquettes de frein,JEU DE PLAQUETTES DE FREIN BREMBO,"82,5"
BREGPXPH335,Plaquettes de frein,JEU DE PLAQUETTES DE FREIN BREMBO,"82,5"
BREGPXPH342,Plaquettes de frein,JEU DE PLAQUETTES DE FREIN BREMBO,"82,5"
BREGPXPH362,Plaquettes de frein,JEU DE PLAQUETTES DE FREIN BREMBO,"99,17"
BREGPXPH384,Plaquettes de frein,JEU DE PLAQUETTES DE FREIN BREMBO,"99,17"
BREGPXPH389,Plaquettes de frein,JEU DE PLAQUETTES DE FREIN BREMBO,"82,5"
BREGPXPH424,Plaquettes de frein,JEU DE PLAQUETTES DE FREIN BREMBO,"82,5"
BREGPXPH438,Plaquettes de frein,JEU DE PLAQUETTES DE FREIN BREMBO,"99,17"
BREGPXPH476,Plaquettes de frein,JEU DE PLAQUETTES DE FREIN BREMBO,"82,5"
BREGPXPH477,Plaquettes de frein,JEU DE PLAQUETTES DE FREIN BREMBO,125
BREGPXPH489,Plaquettes de frein,JEU DE PLAQUETTES DE FREIN BREMBO,"82,5"
BREGPXPH521,Plaquettes de frein,JEU DE PLAQUETTES DE FREIN BREMBO,"82,5"
BRERPHX351,Plaquettes de frein,JEU DE PLAQUETTES DE FREIN BREMBO,"65,83"
BRE07BB0359,Plaquettes de frein,JEU DE PLAQUETTES DE FREIN BREMBO,"42,02"
BRE07BB1990,Plaquettes de frein,JEU DE PLAQUETTES DE FREIN BREMBO,"51,17"
BRE07BB10RC,Plaquettes de frein,JEU DE PLAQUETTES DE FREIN BREMBO,"63,04"
BRE07BB11RC,Plaquettes de frein,JEU DE PLAQUETTES DE FREIN BREMBO,"59,39"
BRE07BB15RC,Plaquettes de frein,JEU DE PLAQUETTES DE FREIN BREMBO,"59,47"
BRE07BB19RC,Plaquettes de frein,JEU DE PLAQUETTES DE FREIN BREMBO,"59,47"
BRE07BB37RC,Plaquettes de frein,JEU DE PLAQUETTES DE FREIN BREMBO,"74,24"
BRE07BB38RC,Plaquettes de frein,JEU DE PLAQUETTES DE FREIN BREMBO,"57,86"
BRE07GR06RC,Plaquettes de frein,JEU DE PLAQUETTES DE FREIN BREMBO,"59,47"
BRE07HO28RC,Plaquettes de frein,JEU DE PLAQUETTES DE FREIN BREMBO,"59,47"
BRE07HO45RC,Plaquettes de frein,JEU DE PLAQUETTES DE FREIN BREMBO,"59,47"
BRE07HO50RC,Plaquettes de frein,JEU DE PLAQUETTES DE FREIN BREMBO,"59,47"
BRE07HO63RC,Plaquettes de frein,JEU DE PLAQUETTES DE FREIN BREMBO,"59,47"
BRE07KA13RC,Plaquettes de frein,JEU DE PLAQUETTES DE FREIN BREMBO,"59,47"
BRE07KA20RC,Plaquettes de frein,JEU DE PLAQUETTES DE FREIN BREMBO,"59,47"
BRE07KA23RC,Plaquettes de frein,JEU DE PLAQUETTES DE FREIN BREMBO,"59,47"
BRE07KA28RC,Plaquettes de frein,JEU DE PLAQUETTES DE FREIN BREMBO,"82,24"
BRE07KA29RC,Plaquettes de frein,JEU DE PLAQUETTES DE FREIN BREMBO,"49,21"
BRE07SU14RC,Plaquettes de frein,JEU DE PLAQUETTES DE FREIN BREMBO,"59,47"
BRE07SU19RC,Plaquettes de frein,JEU DE PLAQUETTES DE FREIN BREMBO,"59,47"
BRE07SU27RC,Plaquettes de frein,JEU DE PLAQUETTES DE FREIN BREMBO,"59,47"
BRE07YA23RC,Plaquettes de frein,JEU DE PLAQUETTES DE FREIN BREMBO,"59,47"
BRE07BB33RC,Plaquettes de frein,JEU DE PLAQUETTES DE FREIN BREMBO,"78,94"
BRE07GR76RC,Plaquettes de frein,JEU DE PLAQUETTES DE FREIN BREMBO,"82,24"
BRE07SU26RC,Plaquettes de frein,JEU DE PLAQUETTES DE FREIN BREMBO,"82,24"
BRE07YA46RC,Plaquettes de frein,JEU DE PLAQUETTES DE FREIN BREMBO,"89,09"
BRE07BB05SA,Plaquettes de frein,JEU DE PLAQUETTES DE FREIN BREMBO,"52,71"
BRE07BB33LA,Plaquettes de frein,JEU DE PLAQUETTES DE FREIN BREMBO,"59,69"
BRE07BB33SA,Plaquettes de frein,JEU DE PLAQUETTES DE FREIN BREMBO,"57,4"
BRE07GR76SA,Plaquettes de frein,JEU DE PLAQUETTES DE FREIN BREMBO,"51,93"
BRE07HO37SA,Plaquettes de frein,JEU DE PLAQUETTES DE FREIN BREMBO,"65,86"
BRE07KA28LA,Plaquettes de frein,JEU DE PLAQUETTES DE FREIN BREMBO,"56,92"
BRE07KA28SA,Plaquettes de frein,JEU DE PLAQUETTES DE FREIN BREMBO,"54,73"
BRE07SU26SA,Plaquettes de frein,JEU DE PLAQUETTES DE FREIN BREMBO,"54,73"
BRE07YA09SA,Plaquettes de frein,JEU DE PLAQUETTES DE FREIN BREMBO,"44,26"
BRE07YA46SA,Plaquettes de frein,JEU DE PLAQUETTES DE FREIN BREMBO,"54,73"
BREX206023A,Plaquettes de frein,JEU DE PLAQUETTES DE FREIN BREMBO,"64,67"
BREX988802A,Plaquettes de frein,JEU DE PLAQUETTES DE FREIN BREMBO,"41,21"
BREX988828A,Plaquettes de frein,JEU DE PLAQUETTES DE FREIN BREMBO,"66,92"
BRE07BB01SP,Plaquettes de frein,JEU DE PLAQUETTES DE FREIN BREMBO,"32,92"
BRE07BB03LA,Plaquettes de frein,JEU DE PLAQUETTES DE FREIN BREMBO,"36,35"
BRE07BB03SA,Plaquettes de frein,JEU DE PLAQUETTES DE FREIN BREMBO,"34,3"
BRE07BB03SP,Plaquettes de frein,JEU DE PLAQUETTES DE FREIN BREMBO,"36,74"
BRE07BB04LA,Plaquettes de frein,JEU DE PLAQUETTES DE FREIN BREMBO,"36,36"
BRE07BB04SA,Plaquettes de frein,JEU DE PLAQUETTES DE FREIN BREMBO,"34,3"
BRE07BB04SP,Plaquettes de frein,JEU DE PLAQUETTES DE FREIN BREMBO,"34,87"
BRE07BB14SP,Plaquettes de frein,JEU DE PLAQUETTES DE FREIN BREMBO,"33,37"
BRE07BB15LA,Plaquettes de frein,JEU DE PLAQUETTES DE FREIN BREMBO,"36,35"
BRE07BB15SA,Plaquettes de frein,JEU DE PLAQUETTES DE FREIN BREMBO,"34,3"
BRE07BB19LA,Plaquettes de frein,JEU DE PLAQUETTES DE FREIN BREMBO,"36,35"
BRE07BB19SA,Plaquettes de frein,JEU DE PLAQUETTES DE FREIN BREMBO,"34,3"
BRE07BB21SA,Plaquettes de frein,JEU DE PLAQUETTES DE FREIN BREMBO,"33,83"
BRE07BB22LA,Plaquettes de frein,JEU DE PLAQUETTES DE FREIN BREMBO,"35,86"
BRE07BB22SA,Plaquettes de frein,JEU DE PLAQUETTES DE FREIN BREMBO,"33,83"
BRE07BB24LA,Plaquettes de frein,JEU DE PLAQUETTES DE FREIN BREMBO,"35,86"
BRE07BB24SA,Plaquettes de frein,JEU DE PLAQUETTES DE FREIN BREMBO,"33,83"
BRE07BB26LA,Plaquettes de frein,JEU DE PLAQUETTES DE FREIN BREMBO,"35,86"
BRE07BB26SA,Plaquettes de frein,JEU DE PLAQUETTES DE FREIN BREMBO,"33,83"
BRE07BB28SP,Plaquettes de frein,JEU DE PLAQUETTES DE FREIN BREMBO,"41,31"
BRE07BB37LA,Plaquettes de frein,JEU DE PLAQUETTES DE FREIN BREMBO,"51,18"
BRE07BB37SA,Plaquettes de frein,JEU DE PLAQUETTES DE FREIN BREMBO,"49,21"
BRE07BB38LA,Plaquettes de frein,JEU DE PLAQUETTES DE FREIN BREMBO,"31,9"
BRE07BB38SA,Plaquettes de frein,JEU DE PLAQUETTES DE FREIN BREMBO,"30,09"
BRE07GR06SA,Plaquettes de frein,JEU DE PLAQUETTES DE FREIN BREMBO,"34,3"
BRE07GR12SA,Plaquettes de frein,JEU DE PLAQUETTES DE FREIN BREMBO,"28,78"
BRE07GR12SP,Plaquettes de frein,JEU DE PLAQUETTES DE FREIN BREMBO,"33,71"
BRE07GR18SA,Plaquettes de frein,JEU DE PLAQUETTES DE FREIN BREMBO,"37,59"
BRE07GR35SP,Plaquettes de frein,JEU DE PLAQUETTES DE FREIN BREMBO,"38,94"
BRE07GR62LA,Plaquettes de frein,JEU DE PLAQUETTES DE FREIN BREMBO,"35,86"
BRE07GR62SA,Plaquettes de frein,JEU DE PLAQUETTES DE FREIN BREMBO,"33,83"
BRE07GR68SA,Plaquettes de frein,JEU DE PLAQUETTES DE FREIN BREMBO,"48,75"
BRE07GR72SA,Plaquettes de frein,JEU DE PLAQUETTES DE FREIN BREMBO,"34,3"
BRE07GR75SA,Plaquettes de frein,JEU DE PLAQUETTES DE FREIN BREMBO,"37,59"
BRE07GR77LA,Plaquettes de frein,JEU DE PLAQUETTES DE FREIN BREMBO,"42,64"
BRE07GR77SA,Plaquettes de frein,JEU DE PLAQUETTES DE FREIN BREMBO,"40,23"
BRE07GR80SA,Plaquettes de frein,JEU DE PLAQUETTES DE FREIN BREMBO,"44,27"
BRE07GR81SP,Plaquettes de frein,JEU DE PLAQUETTES DE FREIN BREMBO,"44,27"
BRE07GR83SA,Plaquettes de frein,JEU DE PLAQUETTES DE FREIN BREMBO,"34,3"
BRE07HD07SP,Plaquettes de frein,JEU DE PLAQUETTES DE FREIN BREMBO,"33,34"
BRE07HD08SP,Plaquettes de frein,JEU DE PLAQUETTES DE FREIN BREMBO,"41,23"
BRE07HD12SA,Plaquettes de frein,JEU DE PLAQUETTES DE FREIN BREMBO,"34,4"
BRE07HD12SP,Plaquettes de frein,JEU DE PLAQUETTES DE FREIN BREMBO,"34,4"
BRE07HD13SA,Plaquettes de frein,JEU DE PLAQUETTES DE FREIN BREMBO,"42,35"
BRE07HD14SP,Plaquettes de frein,JEU DE PLAQUETTES DE FREIN BREMBO,"41,23"
BRE07HD15SA,Plaquettes de frein,JEU DE PLAQUETTES DE FREIN BREMBO,"38,94"
BRE07HD16SA,Plaquettes de frein,JEU DE PLAQUETTES DE FREIN BREMBO,"38,94"
BRE07HD16SP,Plaquettes de frein,JEU DE PLAQUETTES DE FREIN BREMBO,"34,4"
BRE07HD17SA,Plaquettes de frein,JEU DE PLAQUETTES DE FREIN BREMBO,"34,4"
BRE07HD17SP,Plaquettes de frein,JEU DE PLAQUETTES DE FREIN BREMBO,"34,4"
BRE07HD18SP,Plaquettes de frein,JEU DE PLAQUETTES DE FREIN BREMBO,"35,13"
BRE07HD19SA,Plaquettes de frein,JEU DE PLAQUETTES DE FREIN BREMBO,"63,98"
BRE07HD20SA,Plaquettes de frein,JEU DE PLAQUETTES DE FREIN BREMBO,"42,35"
BRE07HD21CC,Plaquettes de frein,JEU DE PLAQUETTES DE FREIN BREMBO,"26,02"
BRE07HD21SA,Plaquettes de frein,JEU DE PLAQUETTES DE FREIN BREMBO,"34,3"
BRE07HD21SP,Plaquettes de frein,JEU DE PLAQUETTES DE FREIN BREMBO,"34,3"
BRE07HD22CC,Plaquettes de frein,JEU DE PLAQUETTES DE FREIN BREMBO,"36,37"
BRE07HD22SA,Plaquettes de frein,JEU DE PLAQUETTES DE FREIN BREMBO,"41,1"
BRE07HO10LA,Plaquettes de frein,JEU DE PLAQUETTES DE FREIN BREMBO,"36,35"
BRE07HO10SA,Plaquettes de frein,JEU DE PLAQUETTES DE FREIN BREMBO,"34,3"
BRE07HO10SP,Plaquettes de frein,JEU DE PLAQUETTES DE FREIN BREMBO,"33,37"
BRE07HO13SP,Plaquettes de frein,JEU DE PLAQUETTES DE FREIN BREMBO,"34,87"
BRE07HO18SP,Plaquettes de frein,JEU DE PLAQUETTES DE FREIN BREMBO,"33,37"
BRE07HO21SA,Plaquettes de frein,JEU DE PLAQUETTES DE FREIN BREMBO,"34,3"
BRE07HO23SA,Plaquettes de frein,JEU DE PLAQUETTES DE FREIN BREMBO,"34,3"
BRE07HO23SP,Plaquettes de frein,JEU DE PLAQUETTES DE FREIN BREMBO,"37,59"
BRE07HO27SP,Plaquettes de frein,JEU DE PLAQUETTES DE FREIN BREMBO,"34,87"
BRE07HO28LA,Plaquettes de frein,JEU DE PLAQUETTES DE FREIN BREMBO,"36,35"
BRE07HO28SA,Plaquettes de frein,JEU DE PLAQUETTES DE FREIN BREMBO,"34,3"
BRE07HO29SP,Plaquettes de frein,JEU DE PLAQUETTES DE FREIN BREMBO,"34,87"
BRE07HO30LA,Plaquettes de frein,JEU DE PLAQUETTES DE FREIN BREMBO,"36,35"
BRE07HO30SA,Plaquettes de frein,JEU DE PLAQUETTES DE FREIN BREMBO,"34,3"
BRE07HO31SP,Plaquettes de frein,JEU DE PLAQUETTES DE FREIN BREMBO,"34,87"
BRE07HO34SP,Plaquettes de frein,JEU DE PLAQUETTES DE FREIN BREMBO,"33,44"
BRE07HO35SA,Plaquettes de frein,JEU DE PLAQUETTES DE FREIN BREMBO,"34,3"
BRE07HO36SP,Plaquettes de frein,JEU DE PLAQUETTES DE FREIN BREMBO,"34,87"
BRE07HO39SA,Plaquettes de frein,JEU DE PLAQUETTES DE FREIN BREMBO,"45,97"
BRE07HO39SP,Plaquettes de frein,JEU DE PLAQUETTES DE FREIN BREMBO,"44,99"
BRE07HO41LA,Plaquettes de frein,JEU DE PLAQUETTES DE FREIN BREMBO,"39,31"
BRE07HO41SA,Plaquettes de frein,JEU DE PLAQUETTES DE FREIN BREMBO,"37,09"
BRE07HO41SC,Plaquettes de frein,JEU DE PLAQUETTES DE FREIN BREMBO,"43,58"
BRE07HO42LA,Plaquettes de frein,JEU DE PLAQUETTES DE FREIN BREMBO,"46,48"
BRE07HO42SA,Plaquettes de frein,JEU DE PLAQUETTES DE FREIN BREMBO,"44,27"
BRE07HO43SP,Plaquettes de frein,JEU DE PLAQUETTES DE FREIN BREMBO,"42,65"
BRE07HO44SA,Plaquettes de frein,JEU DE PLAQUETTES DE FREIN BREMBO,"44,27"
BRE07HO45SA,Plaquettes de frein,JEU DE PLAQUETTES DE FREIN BREMBO,"34,3"
BRE07HO47SA,Plaquettes de frein,JEU DE PLAQUETTES DE FREIN BREMBO,"37,13"
BRE07HO50LA,Plaquettes de frein,JEU DE PLAQUETTES DE FREIN BREMBO,"38,99"
BRE07HO50SA,Plaquettes de frein,JEU DE PLAQUETTES DE FREIN BREMBO,"37,13"
BRE07HO52SP,Plaquettes de frein,JEU DE PLAQUETTES DE FREIN BREMBO,"37,59"
BRE07HO53SP,Plaquettes de frein,JEU DE PLAQUETTES DE FREIN BREMBO,"37,59"
BRE07HO57LA,Plaquettes de frein,JEU DE PLAQUETTES DE FREIN BREMBO,"36,41"
BRE07HO57SA,Plaquettes de frein,JEU DE PLAQUETTES DE FREIN BREMBO,"34,68"
BRE07HO57SP,Plaquettes de frein,JEU DE PLAQUETTES DE FREIN BREMBO,"42,65"
BRE07HO59SP,Plaquettes de frein,JEU DE PLAQUETTES DE FREIN BREMBO,"34,87"
BRE07HO60SP,Plaquettes de frein,JEU DE PLAQUETTES DE FREIN BREMBO,41
BRE07HO62LA,Plaquettes de frein,JEU DE PLAQUETTES DE FREIN BREMBO,"54,88"
BRE07HO62SA,Plaquettes de frein,JEU DE PLAQUETTES DE FREIN BREMBO,"34,3"
BRE07HO63SA,Plaquettes de frein,JEU DE PLAQUETTES DE FREIN BREMBO,"37,13"
BRE07KA08SA,Plaquettes de frein,JEU DE PLAQUETTES DE FREIN BREMBO,"34,3"
BRE07KA08SP,Plaquettes de frein,JEU DE PLAQUETTES DE FREIN BREMBO,"34,87"
BRE07KA09SA,Plaquettes de frein,JEU DE PLAQUETTES DE FREIN BREMBO,"34,3"
BRE07KA09SP,Plaquettes de frein,JEU DE PLAQUETTES DE FREIN BREMBO,"34,87"
BRE07KA11SA,Plaquettes de frein,JEU DE PLAQUETTES DE FREIN BREMBO,"34,3"
BRE07KA11SP,Plaquettes de frein,JEU DE PLAQUETTES DE FREIN BREMBO,"34,87"
BRE07KA13LA,Plaquettes de frein,JEU DE PLAQUETTES DE FREIN BREMBO,"36,35"
BRE07KA13SA,Plaquettes de frein,JEU DE PLAQUETTES DE FREIN BREMBO,"34,3"
BRE07KA14SA,Plaquettes de frein,JEU DE PLAQUETTES DE FREIN BREMBO,"34,3"
BRE07KA15SP,Plaquettes de frein,JEU DE PLAQUETTES DE FREIN BREMBO,"39,86"
BRE07KA16SP,Plaquettes de frein,JEU DE PLAQUETTES DE FREIN BREMBO,"34,87"
BRE07KA17LA,Plaquettes de frein,JEU DE PLAQUETTES DE FREIN BREMBO,"32,21"
BRE07KA18LA,Plaquettes de frein,JEU DE PLAQUETTES DE FREIN BREMBO,"42,9"
BRE07KA18SA,Plaquettes de frein,JEU DE PLAQUETTES DE FREIN BREMBO,"40,86"
BRE07KA18SP,Plaquettes de frein,JEU DE PLAQUETTES DE FREIN BREMBO,"42,65"
BRE07KA19LA,Plaquettes de frein,JEU DE PLAQUETTES DE FREIN BREMBO,"42,9"
BRE07KA19SA,Plaquettes de frein,JEU DE PLAQUETTES DE FREIN BREMBO,"40,86"
BRE07KA20SA,Plaquettes de frein,JEU DE PLAQUETTES DE FREIN BREMBO,"40,23"
BRE07KA21SP,Plaquettes de frein,JEU DE PLAQUETTES DE FREIN BREMBO,"40,86"
BRE07KA23LA,Plaquettes de frein,JEU DE PLAQUETTES DE FREIN BREMBO,"36,35"
BRE07KA23SA,Plaquettes de frein,JEU DE PLAQUETTES DE FREIN BREMBO,"34,3"
BRE07KA26SA,Plaquettes de frein,JEU DE PLAQUETTES DE FREIN BREMBO,"30,86"
BRE07KA29SA,Plaquettes de frein,JEU DE PLAQUETTES DE FREIN BREMBO,"30,09"
BRE07KS05SP,Plaquettes de frein,JEU DE PLAQUETTES DE FREIN BREMBO,"33,37"
BRE07SU06SA,Plaquettes de frein,JEU DE PLAQUETTES DE FREIN BREMBO,"34,3"
BRE07SU06SP,Plaquettes de frein,JEU DE PLAQUETTES DE FREIN BREMBO,"33,37"
BRE07SU12SP,Plaquettes de frein,JEU DE PLAQUETTES DE FREIN BREMBO,"36,74"
BRE07SU13SA,Plaquettes de frein,JEU DE PLAQUETTES DE FREIN BREMBO,"34,3"
BRE07SU13SP,Plaquettes de frein,JEU DE PLAQUETTES DE FREIN BREMBO,"33,37"
BRE07SU14LA,Plaquettes de frein,JEU DE PLAQUETTES DE FREIN BREMBO,"36,35"
BRE07SU14SA,Plaquettes de frein,JEU DE PLAQUETTES DE FREIN BREMBO,"34,3"
BRE07SU15SA,Plaquettes de frein,JEU DE PLAQUETTES DE FREIN BREMBO,"34,3"
BRE07SU16SP,Plaquettes de frein,JEU DE PLAQUETTES DE FREIN BREMBO,"42,65"
BRE07SU17SP,Plaquettes de frein,JEU DE PLAQUETTES DE FREIN BREMBO,"34,87"
BRE07SU19LA,Plaquettes de frein,JEU DE PLAQUETTES DE FREIN BREMBO,"36,35"
BRE07SU19SA,Plaquettes de frein,JEU DE PLAQUETTES DE FREIN BREMBO,"34,3"
BRE07SU20SP,Plaquettes de frein,JEU DE PLAQUETTES DE FREIN BREMBO,"33,37"
BRE07SU22SA,Plaquettes de frein,JEU DE PLAQUETTES DE FREIN BREMBO,"34,3"
BRE07SU25SP,Plaquettes de frein,JEU DE PLAQUETTES DE FREIN BREMBO,"33,37"
BRE07SU26LA,Plaquettes de frein,JEU DE PLAQUETTES DE FREIN BREMBO,"56,92"
BRE07SU27LA,Plaquettes de frein,JEU DE PLAQUETTES DE FREIN BREMBO,"36,35"
BRE07SU27SA,Plaquettes de frein,JEU DE PLAQUETTES DE FREIN BREMBO,"34,3"
BRE07SU30SP,Plaquettes de frein,JEU DE PLAQUETTES DE FREIN BREMBO,"33,37"
BRE07SU32SP,Plaquettes de frein,JEU DE PLAQUETTES DE FREIN BREMBO,"30,82"
BRE07YA11SA,Plaquettes de frein,JEU DE PLAQUETTES DE FREIN BREMBO,"34,3"
BRE07YA11SP,Plaquettes de frein,JEU DE PLAQUETTES DE FREIN BREMBO,"33,37"
BRE07YA12SA,Plaquettes de frein,JEU DE PLAQUETTES DE FREIN BREMBO,"34,3"
BRE07YA12SP,Plaquettes de frein,JEU DE PLAQUETTES DE FREIN BREMBO,"33,37"
BRE07YA17SA,Plaquettes de frein,JEU DE PLAQUETTES DE FREIN BREMBO,"34,3"
BRE07YA17SP,Plaquettes de frein,JEU DE PLAQUETTES DE FREIN BREMBO,"33,37"
BRE07YA18SA,Plaquettes de frein,JEU DE PLAQUETTES DE FREIN BREMBO,"34,3"
BRE07YA20SP,Plaquettes de frein,JEU DE PLAQUETTES DE FREIN BREMBO,"34,87"
BRE07YA21LA,Plaquettes de frein,JEU DE PLAQUETTES DE FREIN BREMBO,"36,35"
BRE07YA21SA,Plaquettes de frein,JEU DE PLAQUETTES DE FREIN BREMBO,"34,3"
BRE07YA22LA,Plaquettes de frein,JEU DE PLAQUETTES DE FREIN BREMBO,"25,93"
BRE07YA22SA,Plaquettes de frein,JEU DE PLAQUETTES DE FREIN BREMBO,"34,3"
BRE07YA22SP,Plaquettes de frein,JEU DE PLAQUETTES DE FREIN BREMBO,"36,74"
BRE07YA23LA,Plaquettes de frein,JEU DE PLAQUETTES DE FREIN BREMBO,"36,35"
BRE07YA23SA,Plaquettes de frein,JEU DE PLAQUETTES DE FREIN BREMBO,"34,3"
BRE07YA24SA,Plaquettes de frein,JEU DE PLAQUETTES DE FREIN BREMBO,"34,3"
BRE07YA25SA,Plaquettes de frein,JEU DE PLAQUETTES DE FREIN BREMBO,"34,3"
BRE07YA26SA,Plaquettes de frein,JEU DE PLAQUETTES DE FREIN BREMBO,"34,3"
BRE07YA27SA,Plaquettes de frein,JEU DE PLAQUETTES DE FREIN BREMBO,"34,3"
BRE07YA32SA,Plaquettes de frein,JEU DE PLAQUETTES DE FREIN BREMBO,"48,75"
BRE07YA34LA,Plaquettes de frein,JEU DE PLAQUETTES DE FREIN BREMBO,"36,35"
BRE07YA34SA,Plaquettes de frein,JEU DE PLAQUETTES DE FREIN BREMBO,"34,3"
BRE07YA35SA,Plaquettes de frein,JEU DE PLAQUETTES DE FREIN BREMBO,"34,3"
BRE07YA37SP,Plaquettes de frein,JEU DE PLAQUETTES DE FREIN BREMBO,"33,37"
BRE07YA38SP,Plaquettes de frein,JEU DE PLAQUETTES DE FREIN BREMBO,"33,37"
BRE07YA39SP,Plaquettes de frein,JEU DE PLAQUETTES DE FREIN BREMBO,"33,37"
BRE07YA40SP,Plaquettes de frein,JEU DE PLAQUETTES DE FREIN BREMBO,"33,37"
BRE07YA52SA,Plaquettes de frein,JEU DE PLAQUETTES DE FREIN BREMBO,"27,41"
BRE07BB10SC,Plaquettes de frein,JEU DE PLAQUETTES DE FREIN BREMBO,"47,29"
BRE07BB11SC,Plaquettes de frein,JEU DE PLAQUETTES DE FREIN BREMBO,"54,83"
BRE07BB15SC,Plaquettes de frein,JEU DE PLAQUETTES DE FREIN BREMBO,"42,68"
BRE07BB19SC,Plaquettes de frein,JEU DE PLAQUETTES DE FREIN BREMBO,"42,68"
BRE07BB26SC,Plaquettes de frein,JEU DE PLAQUETTES DE FREIN BREMBO,"44,1"
BRE07BB33SC,Plaquettes de frein,JEU DE PLAQUETTES DE FREIN BREMBO,"64,92"
BRE07BB37SC,Plaquettes de frein,JEU DE PLAQUETTES DE FREIN BREMBO,"59,49"
BRE07BB38SC,Plaquettes de frein,JEU DE PLAQUETTES DE FREIN BREMBO,"40,92"
BRE07GR06SC,Plaquettes de frein,JEU DE PLAQUETTES DE FREIN BREMBO,"42,68"
BRE07GR18SC,Plaquettes de frein,JEU DE PLAQUETTES DE FREIN BREMBO,"59,9"
BRE07GR56SC,Plaquettes de frein,JEU DE PLAQUETTES DE FREIN BREMBO,"42,68"
BRE07GR62SC,Plaquettes de frein,JEU DE PLAQUETTES DE FREIN BREMBO,"44,1"
BRE07GR77SC,Plaquettes de frein,JEU DE PLAQUETTES DE FREIN BREMBO,"51,93"
BRE07HD19SC,Plaquettes de frein,JEU DE PLAQUETTES DE FREIN BREMBO,"76,92"
BRE07HO21SC,Plaquettes de frein,JEU DE PLAQUETTES DE FREIN BREMBO,"42,68"
BRE07HO28SC,Plaquettes de frein,JEU DE PLAQUETTES DE FREIN BREMBO,"42,68"
BRE07HO30SC,Plaquettes de frein,JEU DE PLAQUETTES DE FREIN BREMBO,"43,58"
BRE07HO45SC,Plaquettes de frein,JEU DE PLAQUETTES DE FREIN BREMBO,"42,68"
BRE07HO50SC,Plaquettes de frein,JEU DE PLAQUETTES DE FREIN BREMBO,"44,54"
BRE07HO63SC,Plaquettes de frein,JEU DE PLAQUETTES DE FREIN BREMBO,"44,54"
BRE07K053SC,Plaquettes de frein,JEU DE PLAQUETTES DE FREIN BREMBO,"43,06"
BRE07K054SC,Plaquettes de frein,JEU DE PLAQUETTES DE FREIN BREMBO,"43,06"
BRE07KA13SC,Plaquettes de frein,JEU DE PLAQUETTES DE FREIN BREMBO,"42,68"
BRE07KA14SC,Plaquettes de frein,JEU DE PLAQUETTES DE FREIN BREMBO,"42,68"
BRE07KA18SC,Plaquettes de frein,JEU DE PLAQUETTES DE FREIN BREMBO,"49,08"
BRE07KA19SC,Plaquettes de frein,JEU DE PLAQUETTES DE FREIN BREMBO,"49,08"
BRE07KA20SC,Plaquettes de frein,JEU DE PLAQUETTES DE FREIN BREMBO,"48,25"
BRE07KA23SC,Plaquettes de frein,JEU DE PLAQUETTES DE FREIN BREMBO,"42,68"
BRE07KA28SC,Plaquettes de frein,JEU DE PLAQUETTES DE FREIN BREMBO,"68,52"
BRE07KA29SC,Plaquettes de frein,JEU DE PLAQUETTES DE FREIN BREMBO,"38,23"
BRE07SU14SC,Plaquettes de frein,JEU DE PLAQUETTES DE FREIN BREMBO,"42,68"
BRE07SU19SC,Plaquettes de frein,JEU DE PLAQUETTES DE FREIN BREMBO,"42,68"
BRE07SU26SC,Plaquettes de frein,JEU DE PLAQUETTES DE FREIN BREMBO,"68,52"
BRE07SU27SC,Plaquettes de frein,JEU DE PLAQUETTES DE FREIN BREMBO,"44,54"
BRE07YA23SC,Plaquettes de frein,JEU DE PLAQUETTES DE FREIN BREMBO,"44,54"
BRE07YA24SC,Plaquettes de frein,JEU DE PLAQUETTES DE FREIN BREMBO,"59,9"
BRE07YA26SC,Plaquettes de frein,JEU DE PLAQUETTES DE FREIN BREMBO,"42,68"
BRE07YA32SC,Plaquettes de frein,JEU DE PLAQUETTES DE FREIN BREMBO,"59,47"
BRE07YA46SC,Plaquettes de frein,JEU DE PLAQUETTES DE FREIN BREMBO,"74,23"
BREYA46/M3,Plaquettes de frein,JEU DE PLAQUETTES DE FREIN BREMBO,72
BRE7001,Plaquettes de frein,JEU DE PLAQUETTES DE FREIN BREMBO,"15,77"
BRE7002,Plaquettes de frein,JEU DE PLAQUETTES DE FREIN BREMBO,"11,31"
BRE7003,Plaquettes de frein,JEU DE PLAQUETTES DE FREIN BREMBO,"13,71"
BRE7004,Plaquettes de frein,JEU DE PLAQUETTES DE FREIN BREMBO,"14,84"
BRE7005,Plaquettes de frein,JEU DE PLAQUETTES DE FREIN BREMBO,"18,7"
BRE7006,Plaquettes de frein,JEU DE PLAQUETTES DE FREIN BREMBO,"14,08"
BRE07006V,Plaquettes de frein,JEU DE PLAQUETTES DE FREIN BREMBO,"16,56"
BRE7007,Plaquettes de frein,JEU DE PLAQUETTES DE FREIN BREMBO,"12,76"
BRE7008,Plaquettes de frein,JEU DE PLAQUETTES DE FREIN BREMBO,"11,44"
BRE7009,Plaquettes de frein,JEU DE PLAQUETTES DE FREIN BREMBO,"11,44"
BRE7010,Plaquettes de frein,JEU DE PLAQUETTES DE FREIN BREMBO,"13,6"
BRE7011,Plaquettes de frein,JEU DE PLAQUETTES DE FREIN BREMBO,"12,54"
BRE7012,Plaquettes de frein,JEU DE PLAQUETTES DE FREIN BREMBO,"12,76"
BRE07012V,Plaquettes de frein,JEU DE PLAQUETTES DE FREIN BREMBO,"20,59"
BRE7013,Plaquettes de frein,JEU DE PLAQUETTES DE FREIN BREMBO,"13,6"
BRE7014,Plaquettes de frein,JEU DE PLAQUETTES DE FREIN BREMBO,"19,86"
BRE7015,Plaquettes de frein,JEU DE PLAQUETTES DE FREIN BREMBO,"18,89"
BRE7016,Plaquettes de frein,JEU DE PLAQUETTES DE FREIN BREMBO,"15,93"
BRE7017,Plaquettes de frein,JEU DE PLAQUETTES DE FREIN BREMBO,"13,6"
BRE7018,Plaquettes de frein,JEU DE PLAQUETTES DE FREIN BREMBO,"18,89"
BRE7019,Plaquettes de frein,JEU DE PLAQUETTES DE FREIN BREMBO,"10,87"
BRE7020,Plaquettes de frein,JEU DE PLAQUETTES DE FREIN BREMBO,"12,76"
BRE07020V,Plaquettes de frein,JEU DE PLAQUETTES DE FREIN BREMBO,"17,07"
BRE7021,Plaquettes de frein,JEU DE PLAQUETTES DE FREIN BREMBO,"12,76"
BRE07021V,Plaquettes de frein,JEU DE PLAQUETTES DE FREIN BREMBO,"17,5"
BRE7022,Plaquettes de frein,JEU DE PLAQUETTES DE FREIN BREMBO,"18,17"
BRE7023,Plaquettes de frein,JEU DE PLAQUETTES DE FREIN BREMBO,"33,12"
BRE7024,Plaquettes de frein,JEU DE PLAQUETTES DE FREIN BREMBO,"17,18"
BRE7025,Plaquettes de frein,JEU DE PLAQUETTES DE FREIN BREMBO,"19,86"
BRE7026,Plaquettes de frein,JEU DE PLAQUETTES DE FREIN BREMBO,"14,33"
BRE7027,Plaquettes de frein,JEU DE PLAQUETTES DE FREIN BREMBO,"18,89"
BRE7028,Plaquettes de frein,JEU DE PLAQUETTES DE FREIN BREMBO,"18,89"
BRE7029,Plaquettes de frein,JEU DE PLAQUETTES DE FREIN BREMBO,"18,17"
BRE7030,Plaquettes de frein,JEU DE PLAQUETTES DE FREIN BREMBO,"21,79"
BRE7031,Plaquettes de frein,JEU DE PLAQUETTES DE FREIN BREMBO,"19,68"
BRE7032,Plaquettes de frein,JEU DE PLAQUETTES DE FREIN BREMBO,"18,89"
BRE7033,Plaquettes de frein,JEU DE PLAQUETTES DE FREIN BREMBO,"14,02"
BRE7034,Plaquettes de frein,JEU DE PLAQUETTES DE FREIN BREMBO,"20,32"
BRE7035,Plaquettes de frein,JEU DE PLAQUETTES DE FREIN BREMBO,"18,89"
BRE7036,Plaquettes de frein,JEU DE PLAQUETTES DE FREIN BREMBO,"18,7"
BRE7037,Plaquettes de frein,JEU DE PLAQUETTES DE FREIN BREMBO,"22,82"
BRE7038,Plaquettes de frein,JEU DE PLAQUETTES DE FREIN BREMBO,"14,84"
BRE7039,Plaquettes de frein,JEU DE PLAQUETTES DE FREIN BREMBO,"18,89"
BRE7040,Plaquettes de frein,JEU DE PLAQUETTES DE FREIN BREMBO,"18,89"
BRE7041,Plaquettes de frein,JEU DE PLAQUETTES DE FREIN BREMBO,"17,18"
BRE7042,Plaquettes de frein,JEU DE PLAQUETTES DE FREIN BREMBO,"17,82"
BRE7043,Plaquettes de frein,JEU DE PLAQUETTES DE FREIN BREMBO,"18,17"
BRE7044,Plaquettes de frein,JEU DE PLAQUETTES DE FREIN BREMBO,"12,72"
BRE7045,Plaquettes de frein,JEU DE PLAQUETTES DE FREIN BREMBO,"18,17"
BRE7046,Plaquettes de frein,JEU DE PLAQUETTES DE FREIN BREMBO,"14,02"
BRE7047,Plaquettes de frein,JEU DE PLAQUETTES DE FREIN BREMBO,"13,58"
BRE07047V,Plaquettes de frein,JEU DE PLAQUETTES DE FREIN BREMBO,"16,44"
BRE7048,Plaquettes de frein,JEU DE PLAQUETTES DE FREIN BREMBO,"15,93"
BRE7049,Plaquettes de frein,JEU DE PLAQUETTES DE FREIN BREMBO,"18,89"
BRE7050,Plaquettes de frein,JEU DE PLAQUETTES DE FREIN BREMBO,"21,1"
BRE7051,Plaquettes de frein,JEU DE PLAQUETTES DE FREIN BREMBO,"15,93"
BRE7052,Plaquettes de frein,JEU DE PLAQUETTES DE FREIN BREMBO,"20,32"
BRE7053,Plaquettes de frein,JEU DE PLAQUETTES DE FREIN BREMBO,"18,17"
BRE7054,Plaquettes de frein,JEU DE PLAQUETTES DE FREIN BREMBO,"14,84"
BRE7055,Plaquettes de frein,JEU DE PLAQUETTES DE FREIN BREMBO,"18,7"
BRE7056,Plaquettes de frein,JEU DE PLAQUETTES DE FREIN BREMBO,"18,89"
BRE7057,Plaquettes de frein,JEU DE PLAQUETTES DE FREIN BREMBO,"15,93"
BRE7058,Plaquettes de frein,JEU DE PLAQUETTES DE FREIN BREMBO,"22,82"
BRE7059,Plaquettes de frein,JEU DE PLAQUETTES DE FREIN BREMBO,"18,7"
BRE7060,Plaquettes de frein,JEU DE PLAQUETTES DE FREIN BREMBO,"18,7"
BRE07060V,Plaquettes de frein,JEU DE PLAQUETTES DE FREIN BREMBO,"14,53"
BRE7061,Plaquettes de frein,JEU DE PLAQUETTES DE FREIN BREMBO,"14,33"
BRE07061V,Plaquettes de frein,JEU DE PLAQUETTES DE FREIN BREMBO,"16,81"
BRE7062,Plaquettes de frein,JEU DE PLAQUETTES DE FREIN BREMBO,"18,7"
BRE7063,Plaquettes de frein,JEU DE PLAQUETTES DE FREIN BREMBO,"22,82"
BRE7064,Plaquettes de frein,JEU DE PLAQUETTES DE FREIN BREMBO,"20,32"
BRE7065,Plaquettes de frein,JEU DE PLAQUETTES DE FREIN BREMBO,"18,25"
BRE7066,Plaquettes de frein,JEU DE PLAQUETTES DE FREIN BREMBO,"12,76"
BRE07066XS,Plaquettes de frein,JEU DE PLAQUETTES DE FREIN BREMBO,"23,2"
BRE7067,Plaquettes de frein,JEU DE PLAQUETTES DE FREIN BREMBO,"13,15"
BRE7068,Plaquettes de frein,JEU DE PLAQUETTES DE FREIN BREMBO,"17,33"
BRE7069,Plaquettes de frein,JEU DE PLAQUETTES DE FREIN BREMBO,"18,89"
BRE7070,Plaquettes de frein,JEU DE PLAQUETTES DE FREIN BREMBO,"18,25"
BRE7071,Plaquettes de frein,JEU DE PLAQUETTES DE FREIN BREMBO,"15,77"
BRE7072,Plaquettes de frein,JEU DE PLAQUETTES DE FREIN BREMBO,"19,68"
BRE7073,Plaquettes de frein,JEU DE PLAQUETTES DE FREIN BREMBO,"20,45"
BRE7074,Plaquettes de frein,JEU DE PLAQUETTES DE FREIN BREMBO,"14,84"
BRE7076,Plaquettes de frein,JEU DE PLAQUETTES DE FREIN BREMBO,"18,7"
BRE7077,Plaquettes de frein,JEU DE PLAQUETTES DE FREIN BREMBO,"20,32"
BRE7078,Plaquettes de frein,JEU DE PLAQUETTES DE FREIN BREMBO,"17,18"
BRE07080CC,Plaquettes de frein,JEU DE PLAQUETTES DE FREIN BREMBO,"15,93"
BRE7085,Plaquettes de frein,JEU DE PLAQUETTES DE FREIN BREMBO,"22,28"
BRE7086,Plaquettes de frein,JEU DE PLAQUETTES DE FREIN BREMBO,"14,1"
BRE7087,Plaquettes de frein,JEU DE PLAQUETTES DE FREIN BREMBO,"19,73"
BRE7088,Plaquettes de frein,JEU DE PLAQUETTES DE FREIN BREMBO,"15,77"
BRE7089,Plaquettes de frein,JEU DE PLAQUETTES DE FREIN BREMBO,"14,84"
BRE7090,Plaquettes de frein,JEU DE PLAQUETTES DE FREIN BREMBO,"22,28"
BRE7091,Plaquettes de frein,JEU DE PLAQUETTES DE FREIN BREMBO,"22,28"
BRE7092,Plaquettes de frein,JEU DE PLAQUETTES DE FREIN BREMBO,"22,28"
BRE7093,Plaquettes de frein,JEU DE PLAQUETTES DE FREIN BREMBO,"22,28"
BRE7094,Plaquettes de frein,JEU DE PLAQUETTES DE FREIN BREMBO,"20,55"
BRE7095,Plaquettes de frein,JEU DE PLAQUETTES DE FREIN BREMBO,"22,28"
BRE7096,Plaquettes de frein,JEU DE PLAQUETTES DE FREIN BREMBO,"18,17"
BRE07097CC,Plaquettes de frein,JEU DE PLAQUETTES DE FREIN BREMBO,"23,96"
BRE07098CC,Plaquettes de frein,JEU DE PLAQUETTES DE FREIN BREMBO,"23,85"
BRE07099CC,Plaquettes de frein,JEU DE PLAQUETTES DE FREIN BREMBO,"23,85"
BRE07100CC,Plaquettes de frein,JEU DE PLAQUETTES DE FREIN BREMBO,"18,93"
BRE07101CC,Plaquettes de frein,JEU DE PLAQUETTES DE FREIN BREMBO,"27,71"
BRE07102CC,Plaquettes de frein,JEU DE PLAQUETTES DE FREIN BREMBO,"18,17"
BRE07103CC,Plaquettes de frein,JEU DE PLAQUETTES DE FREIN BREMBO,"22,28"
BRE07106CC,Plaquettes de frein,JEU DE PLAQUETTES DE FREIN BREMBO,"14,84"
BRE07107CC,Plaquettes de frein,JEU DE PLAQUETTES DE FREIN BREMBO,"21,05"
BRE7108,Plaquettes de frein,JEU DE PLAQUETTES DE FREIN BREMBO,"16,8"
BRE7109,Plaquettes de frein,JEU DE PLAQUETTES DE FREIN BREMBO,"16,8"
BRE7110,Plaquettes de frein,JEU DE PLAQUETTES DE FREIN BREMBO,"16,8"
BRE7111,Plaquettes de frein,JEU DE PLAQUETTES DE FREIN BREMBO,"18,17"
BRE7112,Plaquettes de frein,JEU DE PLAQUETTES DE FREIN BREMBO,"18,17"
BRE7113,Plaquettes de frein,JEU DE PLAQUETTES DE FREIN BREMBO,"22,28"
BRE7114,Plaquettes de frein,JEU DE PLAQUETTES DE FREIN BREMBO,"22,28"
BRE07001XS,Plaquettes de frein,JEU DE PLAQUETTES DE FREIN BREMBO,"20,03"
BRE07004XS,Plaquettes de frein,JEU DE PLAQUETTES DE FREIN BREMBO,"23,19"
BRE07006XS,Plaquettes de frein,JEU DE PLAQUETTES DE FREIN BREMBO,"20,75"
BRE07012XS,Plaquettes de frein,JEU DE PLAQUETTES DE FREIN BREMBO,"20,03"
BRE07019XS,Plaquettes de frein,JEU DE PLAQUETTES DE FREIN BREMBO,"20,03"
BRE07020XS,Plaquettes de frein,JEU DE PLAQUETTES DE FREIN BREMBO,"20,03"
BRE07021XS,Plaquettes de frein,JEU DE PLAQUETTES DE FREIN BREMBO,"23,19"
BRE07022XS,Plaquettes de frein,JEU DE PLAQUETTES DE FREIN BREMBO,"23,19"
BRE07029XS,Plaquettes de frein,JEU DE PLAQUETTES DE FREIN BREMBO,"23,19"
BRE07033XS,Plaquettes de frein,JEU DE PLAQUETTES DE FREIN BREMBO,"20,03"
BRE07034XS,Plaquettes de frein,JEU DE PLAQUETTES DE FREIN BREMBO,"23,19"
BRE07037XS,Plaquettes de frein,JEU DE PLAQUETTES DE FREIN BREMBO,"33,37"
BRE07038XS,Plaquettes de frein,JEU DE PLAQUETTES DE FREIN BREMBO,"23,19"
BRE07040XS,Plaquettes de frein,JEU DE PLAQUETTES DE FREIN BREMBO,"23,19"
BRE07042XS,Plaquettes de frein,JEU DE PLAQUETTES DE FREIN BREMBO,"22,6"
BRE07043XS,Plaquettes de frein,JEU DE PLAQUETTES DE FREIN BREMBO,"23,19"
BRE07045XS,Plaquettes de frein,JEU DE PLAQUETTES DE FREIN BREMBO,"23,19"
BRE07047XS,Plaquettes de frein,JEU DE PLAQUETTES DE FREIN BREMBO,"22,6"
BRE07050XS,Plaquettes de frein,JEU DE PLAQUETTES DE FREIN BREMBO,"36,19"
BRE07052XS,Plaquettes de frein,JEU DE PLAQUETTES DE FREIN BREMBO,"23,19"
BRE07053XS,Plaquettes de frein,JEU DE PLAQUETTES DE FREIN BREMBO,"23,19"
BRE07055XS,Plaquettes de frein,JEU DE PLAQUETTES DE FREIN BREMBO,"23,19"
BRE07056XS,Plaquettes de frein,JEU DE PLAQUETTES DE FREIN BREMBO,"23,19"
BRE07057XS,Plaquettes de frein,JEU DE PLAQUETTES DE FREIN BREMBO,"23,19"
BRE07058XS,Plaquettes de frein,JEU DE PLAQUETTES DE FREIN BREMBO,"23,19"
BRE07059XS,Plaquettes de frein,JEU DE PLAQUETTES DE FREIN BREMBO,"23,19"
BRE07060XS,Plaquettes de frein,JEU DE PLAQUETTES DE FREIN BREMBO,"23,19"
BRE07061XS,Plaquettes de frein,JEU DE PLAQUETTES DE FREIN BREMBO,"23,19"
BRE07063XS,Plaquettes de frein,JEU DE PLAQUETTES DE FREIN BREMBO,"23,19"
BRE07064XS,Plaquettes de frein,JEU DE PLAQUETTES DE FREIN BREMBO,"23,19"
BRE07065XS,Plaquettes de frein,JEU DE PLAQUETTES DE FREIN BREMBO,"23,19"
BRE07067XS,Plaquettes de frein,JEU DE PLAQUETTES DE FREIN BREMBO,"23,2"
BRE07069XS,Plaquettes de frein,JEU DE PLAQUETTES DE FREIN BREMBO,"23,19"
BRE07071XS,Plaquettes de frein,JEU DE PLAQUETTES DE FREIN BREMBO,"23,19"
BRE07072XS,Plaquettes de frein,JEU DE PLAQUETTES DE FREIN BREMBO,"23,19"
BRE07073XS,Plaquettes de frein,JEU DE PLAQUETTES DE FREIN BREMBO,"23,19"
BRE07074XS,Plaquettes de frein,JEU DE PLAQUETTES DE FREIN BREMBO,"23,19"
BRE07075XS,Plaquettes de frein,JEU DE PLAQUETTES DE FREIN BREMBO,"23,19"
BRE07076XS,Plaquettes de frein,JEU DE PLAQUETTES DE FREIN BREMBO,"23,19"
BRE07077XS,Plaquettes de frein,JEU DE PLAQUETTES DE FREIN BREMBO,"23,19"
BRE07078XS,Plaquettes de frein,JEU DE PLAQUETTES DE FREIN BREMBO,"23,19"
BRE07085XS,Plaquettes de frein,JEU DE PLAQUETTES DE FREIN BREMBO,"26,84"
BRE07095XS,Plaquettes de frein,JEU DE PLAQUETTES DE FREIN BREMBO,"26,84"
BRE07096XS,Plaquettes de frein,JEU DE PLAQUETTES DE FREIN BREMBO,"26,84"
BRE07100XS,Plaquettes de frein,JEU DE PLAQUETTES DE FREIN BREMBO,"26,84"
BRE07101XS,Plaquettes de frein,JEU DE PLAQUETTES DE FREIN BREMBO,"39,88"
BRE07103XS,Plaquettes de frein,JEU DE PLAQUETTES DE FREIN BREMBO,"26,84"
BRE07104XS,Plaquettes de frein,JEU DE PLAQUETTES DE FREIN BREMBO,"26,84"
BRE07108XS,Plaquettes de frein,JEU DE PLAQUETTES DE FREIN BREMBO,"23,2"
BRE07109XS,Plaquettes de frein,JEU DE PLAQUETTES DE FREIN BREMBO,"23,2"
BRE07BB02SD,Plaquettes de frein,JEU DE PLAQUETTES DE FREIN BREMBO,"20,09"
BRE07BB02SP,Plaquettes de frein,JEU DE PLAQUETTES DE FREIN BREMBO,"29,98"
BRE07BB04SD,Plaquettes de frein,JEU DE PLAQUETTES DE FREIN BREMBO,"20,09"
BRE07BB13SD,Plaquettes de frein,JEU DE PLAQUETTES DE FREIN BREMBO,"20,83"
BRE07BB27SD,Plaquettes de frein,JEU DE PLAQUETTES DE FREIN BREMBO,"22,6"
BRE07GR07SD,Plaquettes de frein,JEU DE PLAQUETTES DE FREIN BREMBO,"24,31"
BRE07GR08SD,Plaquettes de frein,JEU DE PLAQUETTES DE FREIN BREMBO,"24,31"
BRE07GR16SD,Plaquettes de frein,JEU DE PLAQUETTES DE FREIN BREMBO,"21,15"
BRE07GR20SD,Plaquettes de frein,JEU DE PLAQUETTES DE FREIN BREMBO,"21,15"
BRE07GR22SD,Plaquettes de frein,JEU DE PLAQUETTES DE FREIN BREMBO,"24,31"
BRE07GR25SD,Plaquettes de frein,JEU DE PLAQUETTES DE FREIN BREMBO,"24,31"
BRE07GR26SD,Plaquettes de frein,JEU DE PLAQUETTES DE FREIN BREMBO,"24,31"
BRE07GR27SD,Plaquettes de frein,JEU DE PLAQUETTES DE FREIN BREMBO,"24,31"
BRE07GR49SD,Plaquettes de frein,JEU DE PLAQUETTES DE FREIN BREMBO,"20,83"
BRE07GR50SD,Plaquettes de frein,JEU DE PLAQUETTES DE FREIN BREMBO,"24,31"
BRE07GR52SD,Plaquettes de frein,JEU DE PLAQUETTES DE FREIN BREMBO,"24,31"
BRE07GR53SD,Plaquettes de frein,JEU DE PLAQUETTES DE FREIN BREMBO,"24,31"
BRE07GR54SD,Plaquettes de frein,JEU DE PLAQUETTES DE FREIN BREMBO,"24,31"
BRE07GR55SD,Plaquettes de frein,JEU DE PLAQUETTES DE FREIN BREMBO,"24,31"
BRE07GR69SD,Plaquettes de frein,JEU DE PLAQUETTES DE FREIN BREMBO,"24,31"
BRE07GR70SD,Plaquettes de frein,JEU DE PLAQUETTES DE FREIN BREMBO,"24,31"
BRE07GR71SD,Plaquettes de frein,JEU DE PLAQUETTES DE FREIN BREMBO,"36,99"
BRE07GR73SD,Plaquettes de frein,JEU DE PLAQUETTES DE FREIN BREMBO,"24,31"
BRE07GR74SD,Plaquettes de frein,JEU DE PLAQUETTES DE FREIN BREMBO,"24,31"
BRE07GR78SD,Plaquettes de frein,JEU DE PLAQUETTES DE FREIN BREMBO,"24,31"
BRE07HO09SD,Plaquettes de frein,JEU DE PLAQUETTES DE FREIN BREMBO,"24,31"
BRE07HO15SD,Plaquettes de frein,JEU DE PLAQUETTES DE FREIN BREMBO,"24,31"
BRE07HO20SD,Plaquettes de frein,JEU DE PLAQUETTES DE FREIN BREMBO,"27,37"
BRE07HO22SD,Plaquettes de frein,JEU DE PLAQUETTES DE FREIN BREMBO,"24,31"
BRE07HO25SD,Plaquettes de frein,JEU DE PLAQUETTES DE FREIN BREMBO,"24,31"
BRE07HO26SD,Plaquettes de frein,JEU DE PLAQUETTES DE FREIN BREMBO,"20,09"
BRE07HO32SD,Plaquettes de frein,JEU DE PLAQUETTES DE FREIN BREMBO,"20,09"
BRE07HO48SD,Plaquettes de frein,JEU DE PLAQUETTES DE FREIN BREMBO,"20,09"
BRE07HO55SD,Plaquettes de frein,JEU DE PLAQUETTES DE FREIN BREMBO,"35,31"
BRE07HO58SD,Plaquettes de frein,JEU DE PLAQUETTES DE FREIN BREMBO,"25,2"
BRE07HO61SD,Plaquettes de frein,JEU DE PLAQUETTES DE FREIN BREMBO,"24,31"
BRE07KA07SD,Plaquettes de frein,JEU DE PLAQUETTES DE FREIN BREMBO,"20,09"
BRE07KA12SD,Plaquettes de frein,JEU DE PLAQUETTES DE FREIN BREMBO,"27,37"
BRE07KA17SD,Plaquettes de frein,JEU DE PLAQUETTES DE FREIN BREMBO,"20,09"
BRE07KA22SD,Plaquettes de frein,JEU DE PLAQUETTES DE FREIN BREMBO,"20,09"
BRE07KA24SD,Plaquettes de frein,JEU DE PLAQUETTES DE FREIN BREMBO,"24,31"
BRE07KA25SD,Plaquettes de frein,JEU DE PLAQUETTES DE FREIN BREMBO,"24,31"
BRE07KA27SD,Plaquettes de frein,JEU DE PLAQUETTES DE FREIN BREMBO,"20,09"
BRE07KS04SD,Plaquettes de frein,JEU DE PLAQUETTES DE FREIN BREMBO,"29,59"
BRE07PO01SD,Plaquettes de frein,JEU DE PLAQUETTES DE FREIN BREMBO,"24,31"
BRE07PO02SD,Plaquettes de frein,JEU DE PLAQUETTES DE FREIN BREMBO,"24,31"
BRE07PO03SD,Plaquettes de frein,JEU DE PLAQUETTES DE FREIN BREMBO,"24,31"
BRE07PO04SD,Plaquettes de frein,JEU DE PLAQUETTES DE FREIN BREMBO,"24,31"
BRE07PO06SD,Plaquettes de frein,JEU DE PLAQUETTES DE FREIN BREMBO,"26,46"
BRE07PO07SD,Plaquettes de frein,JEU DE PLAQUETTES DE FREIN BREMBO,"25,2"
BRE07PO08SD,Plaquettes de frein,JEU DE PLAQUETTES DE FREIN BREMBO,"27,94"
BRE07PO09SD,Plaquettes de frein,JEU DE PLAQUETTES DE FREIN BREMBO,"35,21"
BRE07PO10SD,Plaquettes de frein,JEU DE PLAQUETTES DE FREIN BREMBO,"35,21"
BRE07PO11SD,Plaquettes de frein,JEU DE PLAQUETTES DE FREIN BREMBO,"35,21"
BRE07PO12SD,Plaquettes de frein,JEU DE PLAQUETTES DE FREIN BREMBO,"24,31"
BRE07PO13SD,Plaquettes de frein,JEU DE PLAQUETTES DE FREIN BREMBO,"24,31"
BRE07SU11SD,Plaquettes de frein,JEU DE PLAQUETTES DE FREIN BREMBO,"24,31"
BRE07SU12SD,Plaquettes de frein,JEU DE PLAQUETTES DE FREIN BREMBO,"24,31"
BRE07SU18SD,Plaquettes de frein,JEU DE PLAQUETTES DE FREIN BREMBO,"27,37"
BRE07SU29SD,Plaquettes de frein,JEU DE PLAQUETTES DE FREIN BREMBO,"24,31"
BRE07SU31SD,Plaquettes de frein,JEU DE PLAQUETTES DE FREIN BREMBO,"20,83"
BRE07YA13SD,Plaquettes de frein,JEU DE PLAQUETTES DE FREIN BREMBO,"27,37"
BRE07YA14SD,Plaquettes de frein,JEU DE PLAQUETTES DE FREIN BREMBO,"24,31"
BRE07YA16SD,Plaquettes de frein,JEU DE PLAQUETTES DE FREIN BREMBO,"20,09"
BRE07YA21SD,Plaquettes de frein,JEU DE PLAQUETTES DE FREIN BREMBO,"30,91"
BRE07YA22SC,Plaquettes de frein,JEU DE PLAQUETTES DE FREIN BREMBO,"43,58"
BRE07YA22SD,Plaquettes de frein,JEU DE PLAQUETTES DE FREIN BREMBO,"24,31"
BRE07YA41SD,Plaquettes de frein,JEU DE PLAQUETTES DE FREIN BREMBO,"20,09"
BRE07YA44SD,Plaquettes de frein,JEU DE PLAQUETTES DE FREIN BREMBO,"35,31"
BRE07YA45SD,Plaquettes de frein,JEU DE PLAQUETTES DE FREIN BREMBO,"35,31"
BRE07YA47SD,Plaquettes de frein,JEU DE PLAQUETTES DE FREIN BREMBO,"20,09"
BRE07YA48SD,Plaquettes de frein,JEU DE PLAQUETTES DE FREIN BREMBO,"24,31"
BRE07YA49SD,Plaquettes de frein,JEU DE PLAQUETTES DE FREIN BREMBO,"24,31"
BRE07YA50SD,Plaquettes de frein,JEU DE PLAQUETTES DE FREIN BREMBO,"24,31"
BRE07YA51SD,Plaquettes de frein,JEU DE PLAQUETTES DE FREIN BREMBO,"24,31"
BRE07BB02SX,Plaquettes de frein,JEU DE PLAQUETTES DE FREIN BREMBO,"26,87"
BRE07BB04SX,Plaquettes de frein,JEU DE PLAQUETTES DE FREIN BREMBO,"26,87"
BRE07BB27SX,Plaquettes de frein,JEU DE PLAQUETTES DE FREIN BREMBO,"26,88"
BRE07GR07SX,Plaquettes de frein,JEU DE PLAQUETTES DE FREIN BREMBO,"40,56"
BRE07GR08SX,Plaquettes de frein,JEU DE PLAQUETTES DE FREIN BREMBO,"34,78"
BRE07GR16SX,Plaquettes de frein,JEU DE PLAQUETTES DE FREIN BREMBO,"28,91"
BRE07GR20SX,Plaquettes de frein,JEU DE PLAQUETTES DE FREIN BREMBO,"32,38"
BRE07GR22SX,Plaquettes de frein,JEU DE PLAQUETTES DE FREIN BREMBO,"38,87"
BRE07GR25SX,Plaquettes de frein,JEU DE PLAQUETTES DE FREIN BREMBO,"38,87"
BRE07GR26SX,Plaquettes de frein,JEU DE PLAQUETTES DE FREIN BREMBO,"37,72"
BRE07GR27SX,Plaquettes de frein,JEU DE PLAQUETTES DE FREIN BREMBO,"37,72"
BRE07GR49SX,Plaquettes de frein,JEU DE PLAQUETTES DE FREIN BREMBO,"38,88"
BRE07GR50SX,Plaquettes de frein,JEU DE PLAQUETTES DE FREIN BREMBO,"38,88"
BRE07GR52SX,Plaquettes de frein,JEU DE PLAQUETTES DE FREIN BREMBO,"45,63"
BRE07GR54SX,Plaquettes de frein,JEU DE PLAQUETTES DE FREIN BREMBO,"38,88"
BRE07GR58SX,Plaquettes de frein,JEU DE PLAQUETTES DE FREIN BREMBO,"32,38"
BRE07GR69SX,Plaquettes de frein,JEU DE PLAQUETTES DE FREIN BREMBO,"38,88"
BRE07GR70SX,Plaquettes de frein,JEU DE PLAQUETTES DE FREIN BREMBO,"38,88"
BRE07GR71SX,Plaquettes de frein,JEU DE PLAQUETTES DE FREIN BREMBO,"51,42"
BRE07GR73SX,Plaquettes de frein,JEU DE PLAQUETTES DE FREIN BREMBO,"38,88"
BRE07GR74SX,Plaquettes de frein,JEU DE PLAQUETTES DE FREIN BREMBO,"38,88"
BRE07GR75SX,Plaquettes de frein,JEU DE PLAQUETTES DE FREIN BREMBO,"40,56"
BRE07GR76SX,Plaquettes de frein,JEU DE PLAQUETTES DE FREIN BREMBO,"64,09"
BRE07GR84SX,Plaquettes de frein,JEU DE PLAQUETTES DE FREIN BREMBO,"32,38"
BRE07HO09SX,Plaquettes de frein,JEU DE PLAQUETTES DE FREIN BREMBO,"38,88"
BRE07HO15SX,Plaquettes de frein,JEU DE PLAQUETTES DE FREIN BREMBO,"38,88"
BRE07HO20SX,Plaquettes de frein,JEU DE PLAQUETTES DE FREIN BREMBO,"38,88"
BRE07HO22SX,Plaquettes de frein,JEU DE PLAQUETTES DE FREIN BREMBO,"38,88"
BRE07HO25SX,Plaquettes de frein,JEU DE PLAQUETTES DE FREIN BREMBO,"38,88"
BRE07HO26SX,Plaquettes de frein,JEU DE PLAQUETTES DE FREIN BREMBO,"26,87"
BRE07HO32SX,Plaquettes de frein,JEU DE PLAQUETTES DE FREIN BREMBO,"26,87"
BRE07HO48SX,Plaquettes de frein,JEU DE PLAQUETTES DE FREIN BREMBO,"26,87"
BRE07HO61SX,Plaquettes de frein,JEU DE PLAQUETTES DE FREIN BREMBO,"37,72"
BRE07KA07SX,Plaquettes de frein,JEU DE PLAQUETTES DE FREIN BREMBO,"26,87"
BRE07KA12SX,Plaquettes de frein,JEU DE PLAQUETTES DE FREIN BREMBO,"40,56"
BRE07KA17SX,Plaquettes de frein,JEU DE PLAQUETTES DE FREIN BREMBO,"26,87"
BRE07KA22SX,Plaquettes de frein,JEU DE PLAQUETTES DE FREIN BREMBO,"26,87"
BRE07KA24SX,Plaquettes de frein,JEU DE PLAQUETTES DE FREIN BREMBO,"38,88"
BRE07KA25SX,Plaquettes de frein,JEU DE PLAQUETTES DE FREIN BREMBO,"38,88"
BRE07KA27SX,Plaquettes de frein,JEU DE PLAQUETTES DE FREIN BREMBO,"26,87"
BRE07KS04SX,Plaquettes de frein,JEU DE PLAQUETTES DE FREIN BREMBO,"38,88"
BRE07PO01SX,Plaquettes de frein,JEU DE PLAQUETTES DE FREIN BREMBO,"38,88"
BRE07PO03SX,Plaquettes de frein,JEU DE PLAQUETTES DE FREIN BREMBO,"38,88"
BRE07PO04SX,Plaquettes de frein,JEU DE PLAQUETTES DE FREIN BREMBO,"38,88"
BRE07PO05SX,Plaquettes de frein,JEU DE PLAQUETTES DE FREIN BREMBO,"45,63"
BRE07PO06SX,Plaquettes de frein,JEU DE PLAQUETTES DE FREIN BREMBO,"45,63"
BRE07PO12SX,Plaquettes de frein,JEU DE PLAQUETTES DE FREIN BREMBO,"33,86"
BRE07PO13SX,Plaquettes de frein,JEU DE PLAQUETTES DE FREIN BREMBO,"33,86"
BRE07SU11SX,Plaquettes de frein,JEU DE PLAQUETTES DE FREIN BREMBO,"38,88"
BRE07SU12SX,Plaquettes de frein,JEU DE PLAQUETTES DE FREIN BREMBO,"38,88"
BRE07SU29SX,Plaquettes de frein,JEU DE PLAQUETTES DE FREIN BREMBO,"38,88"
BRE07YA13SX,Plaquettes de frein,JEU DE PLAQUETTES DE FREIN BREMBO,"38,88"
BRE07YA14SX,Plaquettes de frein,JEU DE PLAQUETTES DE FREIN BREMBO,"38,88"
BRE07YA16SX,Plaquettes de frein,JEU DE PLAQUETTES DE FREIN BREMBO,"26,87"
BRE07YA21SX,Plaquettes de frein,JEU DE PLAQUETTES DE FREIN BREMBO,"38,88"
BRE07YA22SX,Plaquettes de frein,JEU DE PLAQUETTES DE FREIN BREMBO,"38,88"
BRE07YA41SX,Plaquettes de frein,JEU DE PLAQUETTES DE FREIN BREMBO,"26,88"
BRE07YA47SX,Plaquettes de frein,JEU DE PLAQUETTES DE FREIN BREMBO,"26,88"
BRE07YA48SX,Plaquettes de frein,JEU DE PLAQUETTES DE FREIN BREMBO,"43,94"
BRE07YA49SX,Plaquettes de frein,JEU DE PLAQUETTES DE FREIN BREMBO,"43,94"
BRE07YA50SX,Plaquettes de frein,JEU DE PLAQUETTES DE FREIN BREMBO,"43,94"
BRE07YA51SX,Plaquettes de frein,JEU DE PLAQUETTES DE FREIN BREMBO,"39,82"
BRE07BB02TT,Plaquettes de frein,JEU DE PLAQUETTES DE FREIN BREMBO,"21,15"
BRE07BB27TT,Plaquettes de frein,JEU DE PLAQUETTES DE FREIN BREMBO,"22,81"
BRE07HO20TT,Plaquettes de frein,JEU DE PLAQUETTES DE FREIN BREMBO,"17,28"
BRE07HO22TT,Plaquettes de frein,JEU DE PLAQUETTES DE FREIN BREMBO,"17,28"
BRE07HO48TT,Plaquettes de frein,JEU DE PLAQUETTES DE FREIN BREMBO,"18,58"
BRE07KA10TT,Plaquettes de frein,JEU DE PLAQUETTES DE FREIN BREMBO,"25,94"
BRE07KA12TT,Plaquettes de frein,JEU DE PLAQUETTES DE FREIN BREMBO,"17,28"
