UGS,CATEGORIE,PRODUIT,PRIX,TAG,ORDER MENU,DESCRIPTION
36120781S17,SHOCK ABSORBER DISASSEMBLED TC 50 2020,BOTTOM PART CPL.,154,1,1,1
52000263,SHOCK ABSORBER DISASSEMBLED TC 50 2020,STICKER XACT 90X40,"14,9",2,2,1
46180009,SHOCK ABSORBER DISASSEMBLED TC 50 2020,"DISTANCE BUSH 10X15/18/24,5X9,5","1,4",3,3,4
36120386,SHOCK ABSORBER DISASSEMBLED TC 50 2020,"COUPELLE RESSORT H3 D14,5","14,15",4,4,1
93010217S,SHOCK ABSORBER DISASSEMBLED TC 50 2020,SHOCK SPRING 35N/MM - 130MM WH,"88,2",5,5,1
93010218S,SHOCK ABSORBER DISASSEMBLED TC 50 2020,SHOCK SPRING 30N/MM - 130MM WH,"88,2",5,6,1
93010219S,SHOCK ABSORBER DISASSEMBLED TC 50 2020,SHOCK SPRING 40N/MM - 130MM WH,"88,2",5,7,1
50181101S38,SHOCK ABSORBER DISASSEMBLED TC 50 2020,COMPRESSION CPL.,"59,95",6,8,1
36120418S,SHOCK ABSORBER DISASSEMBLED TC 50 2020,ADJUSTING NUT CPL.,"16,9",7,9,1
36120858S2,SHOCK ABSORBER DISASSEMBLED TC 50 2020,TOP PART CMPL.,154,8,10,1
50180095-1,SHOCK ABSORBER DISASSEMBLED TC 50 2020,VIS DE VENTILATION R 1/8,"2,95",9,11,1
50180217,SHOCK ABSORBER DISASSEMBLED TC 50 2020,"JOINT TOR. 27X1,5 VITON","2,25",10,12,1
46811208-1,SHOCK ABSORBER DISASSEMBLED TC 50 2020,BOUCHON,"3,1",11,13,1
36120151S-1,SHOCK ABSORBER DISASSEMBLED TC 50 2020,PLUG SCREW M5X6 CPL.,5,12,14,1
46810893-1,SHOCK ABSORBER DISASSEMBLED TC 50 2020,"O-ring 5,28x1,78 NBR70 black","0,8",13,15,1
R12012-1,SHOCK ABSORBER DISASSEMBLED TC 50 2020,BALL JOINT BEARING KIT TOP 12MM,"30,6",97,16,2
RP10003,SHOCK ABSORBER DISASSEMBLED TC 50 2020,REP. KIT MONOSHOCK MINI 17,42,98,17,1
50180751S1-1,SHOCK ABSORBER DISASSEMBLED TC 50 2020,SHOCK ABSORBER FLUID 5 LT,"87,4",99,18,1
