UGS,CATEGORIE,PRODUIT,PRIX,TAG,MENU ORDER
47102001000,HANDLEBAR,HANDLEBAR 85SX 2013,"63,7",1,1
50302020000,HANDLEBAR,CACHE POIGNEE GAZ 97,"8,75",2,2
80302602044,HANDLEBAR,BAR PAD CPL.,"17,75",3,3
51502010200,HANDLEBAR,THROTTLE GRIP CPL. 2ST. 13,"43,9",4,4
80302021000,HANDLEBAR,GRIP SET BLACK/WHITE,"16,1",5,5
50311089200,HANDLEBAR,CONTACTEUR COUPE CIRCUIT     02,"19,5",8,6
51502091100,HANDLEBAR,THROTTLE CABLE 2T.DOM/KEIH.,"27,85",9,7
72002030100,HANDLEBAR,MASTER CYLINDER CPL. 10MM,"165,75",20,8
72002003000,HANDLEBAR,COVER F. MASTER CYLINDER CPL.,"25,35",21,9
72002032000,HANDLEBAR,REP. KIT PISTON 10MM,"30,6",22,10
72013002000,HANDLEBAR,LEVER CPL.,"37,4",23,11
70002038000,HANDLEBAR,LEVER SCREW CPL.,15,24,12
72002037000,HANDLEBAR,MUDCOVER CLUTCH LEVER,"11,05",25,13
72013005000,HANDLEBAR,CLAMP,17,26,14
47132063000,HANDLEBAR,CLUTCH PIPE,"54,6",28,15
0770080019,HANDLEBAR,"O-RING 8,00X1,00  FORMULA","0,8",29,16
47013025000,HANDLEBAR,VIS DE DURITE,"6,45",30,17
72002035000,HANDLEBAR,SPRING FOR CLUTCH LEVER,"1,4",31,18
